停车场编号,停车场名称,停车场地址
1,大润发停车场,大润发停车场
14,雷迪森停车场,雷迪森停车场
SY10001,大润发停车场,大润发停车场
SY10014,雷迪森停车场,雷迪森停车场
SF00905,红太阳停车场,红太阳停车场
5501b2b1ab874102b02fa4b863c29df4,尚礼苑西,尚礼苑西
7f0e5f76cf8d4a0d9ffc0dd2a97eb3b1,银城二街,银城二街
97f56fc16f58411f8ad8a7c90662e311,家友超市路段,家友超市路段
XC2020006,西延路停车场,新昌县西延路
XC2020039,丽都文化市场,丽都文化市场
XC2020051,国税局,国税局
XC2020057,西区转盘,西区转盘
XC202006,西延路停车场,新昌县西延路
a6920502157244dc823e21bc6aaf7228,人才服务中心旁,人才服务中心旁
f2a4922072e844e1aabae189e216478d,国税局路段,国税局路段
114,图书馆停车位,图书馆前人行道
115,博物馆停车位,博物馆周边
117,笛扬路广厦公寓外停车位,震之堂前人行道上
159,柯华路东侧色港湾洗浴中心停车位,鉴湖路至山阴路之间金色港湾洗浴中心门口人行道上
164,柯华路西侧彩虹桥门口停车位,彩虹桥门口人行道上
181,天马商务楼停车场,鉴湖路入口
55,港越路，湖西路-湖滨路停车场,湖西路-湖滨路道路停车场
59,耶溪路，百舸路-湖东路停车位,百舸路-湖东路人行道停车位
60,百舸路，群贤路-青峰路停车位,群贤路-青峰路学校门口有人行道
61,百舸路，耶溪路-绿洲路停车位,耶溪路-绿洲路人行道停车位
69,双梅路，耶溪路-清风路停车位,耶溪路-清风路人行道停车位
P3120000025,金杨路1（中医院）停车场,金杨路1（中医院）
P3120000044,笛扬路6（柯水园）停车场,笛扬路6（柯水园）
P3120000068,港越路3（精工）停车场,港越路3（精工）
