park_TCCBH,park_TCCMC,park_TCCDZ,park_lon_gcj02,park_lat_gcj02
0010013,保驾山路夜排档停车场,保驾山路夜排档停车场,120.880579,30.040984
0010014,信义广场南侧停车场,信义广场南侧停车场,120.856616,30.029565
0010015,信义广场北侧停车场,信义广场北侧停车场,120.856616,30.029565
0010025,青春广场停车场,青春广场停车场,120.573954,29.999221
0010026,供销大厦前停车场,供销大厦前停车场,120.886425,30.025548
0010027,雅图时空美术馆停车场,雅图时空美术馆停车场,120.872964,30.016406
0010028,上虞区百官街道王充路431号,上虞区百官街道王充路431号,120.879084,30.036362
0010033,上虞区百官街道江东路,上虞区百官街道江东路,120.871401,30.020485
0010049,小越历史街区停车场,小越历史街区停车场,120.936441,30.076743
0010061,人民医院停车场,人民医院停车场,120.819192,29.563589
0010067,中医院停车场,中医院停车场,120.828027,29.585495
0010081,人民桥停车场一,上虞区百官街道舜江东路209号,120.873865,30.015595
0010082,上虞区曹娥街道江西南路上虞滨江体育公园-晨练广场,上虞区曹娥街道江西南路上虞滨江体育公园-晨练广场,120.867975,30.014975
0010083,世邦万祥城停车场,绍兴市上虞区博文路,120.842461,30.023209
0030001,上虞桂苑小区停车场,通江东路金桂苑,120.870367,30.010346
0040001,渔得水停车场,绍兴市上虞区渔得水停车场,120.882153,30.034097
10,大通商城停车场,大通商城停车场,120.87836,30.018024
10013,保驾山路夜排档停车场,保驾山路夜排档停车场,120.880579,30.040984
10014,信义广场南侧停车场,信义广场南侧停车场,120.856616,30.029565
10025,青春广场停车场,青春广场停车场,120.573954,29.999221
10026,供销大厦前停车场,供销大厦前停车场,120.886425,30.025548
10027,雅图时空美术馆停车场,雅图时空美术馆停车场,120.872964,30.016406
10049,小越历史街区停车场,小越历史街区停车场,120.936441,30.076743
10081,人民桥停车场一,信义广场南侧停车场,120.873865,30.015595
12,上百万和城停车场,上百万和城停车场,120.876137,30.031482
13,大通购物中心停车场,大通购物中心停车场,120.873183,30.033827
15,一百商店停车场,一百商店停车场,120.879125,30.011075
16,人民大道停车位,人民大道停车位,120.776785,30.047974
17,妇保院停车场,妇保院停车场,120.479743,30.038728
19,客运中心停车场,客运中心停车场,120.599947,30.022305
20,绍兴东站停车场,绍兴东站停车场,120.853562,30.053791
21,万达广场停车场,万达广场停车场,120.875968,29.504646
24032610340324759,小越历史街区停车场,绍兴市上虞区小越历史街区停车场,120.940542,30.064754
3,农批市场停车场,农批市场停车场,120.886243,30.025161
4,时代潮城停车场,时代潮城停车场,120.87381,30.033662
604001,中央假日停车场,上虞区称山南路中央假日西门,120.86716,30.02995
604002,梁祝大桥东桥下停车场,上虞区百官街道人民中路398号人民桥下停车场,120.852139,30.031726
604003,信义广场南停车场,上虞区百官街道江东路梁祝大桥东桥下停车场,120.856727,30.028662
604004,保驾山停车场,上虞区百官街道江东北路滨江1号附近信义广场南停车场,120.882153,30.034097
604005,人民桥下停车场,绍兴市上虞区保驾山停车场,120.792084,29.993586
604006,供销社停车场,上虞区百官街道人民中路398号人民桥下停车场,120.873865,30.015595
604007,信义广场北停车场,上虞区百官街道凤山路供销社停车场,120.855138,30.033553
604008,青春广场停车场,上虞区百官街道江东北路信义广场北停车场,120.573954,29.999221
604009,保驾山夜排挡停车场,上虞区百官街道半山路青春广场停车场,120.877878,30.045132
604011,雅图停车场,绍兴市上虞区小越历史街区停车场,120.940542,30.064754
604012,人民桥下2号停车场,上虞区百官街道人民中路398号人民桥下停车场,120.873865,30.015595
604013,第二人民医院停车场,崧厦街道南路2号,120.841535,30.082886
604014,绍兴市上虞人民医院,上虞区百官街道市民大道517号,120.882153,30.034097
604015,绍兴市上虞中医医院,上虞区梁湖街道大元路66号,120.887188,29.987407
8,舜杰路停车位,舜杰路停车位,120.866146,30.011824
9,通江路停车位,通江路停车位,120.29413,29.90955
ITS001,市民中心停车场,市民中心停车场,120.860603,30.030841
SY10002,惠普广场停车场,惠普广场停车场,120.838549,30.031564
SY10003,农批市场停车场,农批市场停车场,120.886243,30.025161
SY10004,时代潮城停车场,时代潮城停车场,120.87381,30.033662
SY10005,e游小镇停车场,e游小镇停车场,120.8315,30.037013
SY10008,舜杰路停车位,舜杰路停车位,120.866146,30.011824
SY10009,通江路停车位,通江路停车位,120.29413,29.90955
SY10010,大通商城停车场,大通商城停车场,120.87836,30.018024
SY10012,上百万和城停车场,上百万和城停车场,120.876137,30.031482
SY10013,大通购物中心停车场,大通购物中心停车场,120.873183,30.033827
SY10015,一百商店停车场,一百商店停车场,120.879125,30.011075
SY10016,人民大道停车位,人民大道停车位,120.776785,30.047974
SY10017,妇保院停车场,妇保院停车场,120.479743,30.038728
SY10019,客运中心停车场,客运中心停车场,120.599947,30.022305
SY10020,绍兴东站停车场,绍兴东站停车场,120.853562,30.053791
SY10021,万达广场停车场,万达广场停车场,120.875968,29.504646
SYITS01,市民中心停车场,市民中心停车场,120.860603,30.030841
10013,保驾山路夜排档停车场,保驾山路夜排档停车场,120.880579,30.040984
10014,信义广场南侧停车场,信义广场南侧停车场,120.856616,30.029565
10015,信义广场北侧停车场,信义广场北侧停车场,120.856616,30.029565
10028,保驾山停车场,上虞区百官街道王充路431号,120.882153,30.034097
10029,百官广场对面停车场,上虞区百官街道江东路,120.849704,30.034256
10033,梁祝大桥东桥下停车场,上虞区百官街道江东路,120.852139,30.031726
10049,小越历史街区停车场,小越历史街区停车场,120.936441,30.076743
10025,青春广场停车场,青春广场停车场,120.573954,29.999221
10026,供销大厦前停车场,供销大厦前停车场,120.886425,30.025548
10027,雅图时空美术馆停车场,雅图时空美术馆停车场,120.872964,30.016406
10081,人民桥停车场一,上虞区百官街道舜江东路209号,120.873865,30.015595
10082,人民桥停车场二,上虞区曹娥街道江西南路上虞滨江体育公园-晨练广场,120.873865,30.015595
1012312268YD5WN09GPVL,八一横路（暨阳路-无名路）,浙江省绍兴市诸暨市八一横路46号,120.242487,29.722138
1012312268YDHM7XGW3Y9,艮塔东路（滨江北路-江东路),浙江省绍兴市诸暨市艮塔东路8号,120.247345,29.716133
1012312288YR3EFRI1BSX,滨江南路（滨江支路-浣东中路）,浙江省绍兴市诸暨市滨江南路17,120.23929,29.706992
1012312288YR3IHRSDDZ5,滨江南路（大桥东路-西施大街）,浙江省绍兴市诸暨市滨江南路3号,120.239729,29.71145
1012312288YR3MBVY988X,东兴北路（江东路-福门路）,浙江省绍兴市诸暨市东兴北路,120.250801,29.717839
1012312288YR53DTVACCH,滨江南路（西施大街-滨江支路）,浙江省绍兴市诸暨市滨江南路11号,120.238105,29.70841
1012312288YR57VMEIUBL,大桥东路（大桥东路9号-江东路）,浙江省绍兴市诸暨市大桥东路6号,120.240262,29.711429
1012312288YR5B22720W1,大桥东路（江东路-五角广场）,浙江省绍兴市诸暨市大桥东路86号,120.24069,29.710941
1012312288YR5F42HE329,红旗路（人民中路-浣纱中路）,浙江省绍兴市诸暨市红旗路28号,120.588613,29.995961
1012312288YR5JPT2UOZL,东兴路（苎萝东路-东二路）,浙江省绍兴市诸暨市东兴路44号,120.254124,29.704447
1012312288YR5NVRFEV41,东安路(东二路-苎萝东路),浙江省绍兴市诸暨市东安路,120.635606,30.067358
1012312288YR5RTTNITC1,艮塔东路（江东路-高湖路）,浙江省绍兴市诸暨市艮塔东路28-3号,120.249188,29.712537
1012312288YR5UKH75K3L,艮塔东路（东二路-东一路),浙江省绍兴市诸暨市艮塔东路103号,120.251612,29.70592
1012312288YR5XYT44YKH,艮塔东路（苎萝东路-东二路）,浙江省绍兴市诸暨市艮塔东路155号,120.250972,29.703386
1012312288YR61OZ7SOW1,浣纱中路（南屏路-西施大街）,浙江省绍兴市诸暨市浣纱中路51号,120.236612,29.709848
1012312288YR64NIVVNK1,浣纱中路（西施大街-大桥东路）,浙江省绍兴市诸暨市浣纱中路24号,120.236612,29.709848
1012312288YR68DOZJDVL,体育路（体育路二弄-红旗路）,浙江省绍兴市诸暨市体育路26号,120.246602,29.709398
1012312288YR6C3V37475,体育路（体育路-大桥东路）,浙江省绍兴市诸暨市体育路3-4号,120.246602,29.709398
1012312288YR6EYGP1YWX,万风新世界（暨阳路-上庄路）,浙江省绍兴市诸暨市,120.242308,29.720047
1012312288YR6IWIX5X4X,苎萝东路（东二环路-东旺路）,浙江省绍兴市诸暨市苎萝东路,120.265749,29.698668
1012312288YR6SFUARGU9,东祥路19弄（东祥路-环城东路）,浙江省绍兴市诸暨市东一路68弄,120.260926,29.707386
1012312288YR751NEO35T,东祥路（东二路-苎萝东路）,浙江省绍兴市诸暨市东祥路,120.695076,30.198215
1012312288YR79Z86T0XT,暨东路70弄（东一路-东旺路218弄）,浙江省绍兴市诸暨市暨东路70弄,120.268005,29.711363
1012312288YR7CTTSNVNL,苎萝东路（环城东路-东兴路）,浙江省绍兴市诸暨市苎萝东路116号,120.256444,29.700516
1012312288YR7HFKE4HKX,西施大街（浣纱中路-人民中路）,浙江省绍兴市诸暨市西施大街47号,120.235272,29.711305
1012312288YR7K67XR8CH,望江一路（浣东北路-江东路）,浙江省绍兴市诸暨市望江一路3-10号,120.241938,29.710141
1012312288YR7N8PO2AYP,东一路68弄（东二路-东一路）,浙江省绍兴市诸暨市东一路68弄,120.260728,29.705289
1012312288YR7V8S6IBCX,东一路88弄（东一路82弄-东一路）,浙江省绍兴市诸暨市东一路88弄,120.268267,29.706365
1012312288YR7YF7Z1HXD,高湖路（望江二路-望江一路）,浙江省绍兴市诸暨市高湖路3-12号,120.241987,29.711533
1012312288YR825E2P88X,苎萝东路（东二环路-东福路),浙江省绍兴市诸暨市苎萝东路777,120.271647,29.699979
1012312288YR85VK6CYKH,和济路（东祥路-东旺路）,浙江省绍兴市诸暨市和济路,120.266095,29.712973
1012312288YR89HS7SKXT,东旺路（东旺路150弄-东二路）,浙江省绍兴市诸暨市东旺路,120.246602,29.709398
1012312288YR8GIC67LS1,东旺路218弄(东旺路206弄-融媒体中心）,浙江省绍兴市诸暨市,120.267827,29.711562
1012312288YR8IX5J60OX,东旺路218弄（东旺路-融媒体中心）,浙江省绍兴市诸暨市暨东路70弄,120.267599,29.712311
1012312288YR8VUSTQYV5,东旺路182弄(康华大厦-东旺路),浙江省绍兴市诸暨市,120.268033,29.706141
1012312288YR8ZSV1UX35,东旺路150弄（东二环路-东旺路）,浙江省绍兴市诸暨市,120.263816,29.702086
1012312288YR9376YUBK1,东旺路（东旺路150弄-苎萝东路）,浙江省绍兴市诸暨市东旺路,120.264928,29.702457
1012312288YR9ABOZHGCH,东二路（东旺路-东二环路）,浙江省绍兴市诸暨市东二路,120.695076,30.198215
1012312288YR9D2CJ4741,东二路（东祥路-环城东路）,浙江省绍兴市诸暨市东二路,120.597132,29.997434
1012312288YR9HG704L4X,苎萝东路（东福路-东三环路）,浙江省绍兴市诸暨市苎萝东路,120.279909,29.700205
1012312288YR9LAB60FEP,苎萝东路（东兴路-东安路）,浙江省绍兴市诸暨市苎萝东路177号,120.253878,29.702923
1012312288YR9PO5N0TFL,苎萝东路（环城东路-东旺路）,浙江省绍兴市诸暨市苎萝东路,120.265749,29.698668
1012312288YR9VX35V2M9,苎萝东路（环城东路-东祥路）,浙江省绍兴市诸暨市苎萝东路138号,120.261765,29.703664
1012312288YRADOD6CUM9,南兴路（南庠路-人民南路）,浙江省绍兴市诸暨市南兴路40号,120.539074,30.048447
1012312288YRAJXAP73SX,滨江中路（望江二路-大桥东路）,浙江省绍兴市诸暨市滨江中路8号,120.243916,29.714169
1012312288YRAV3T06ARL,滨江中路（望江三路-望江二路）,浙江省绍兴市诸暨市滨江中路27号,120.244402,29.714461
1012312288YRAXUGJT1J5,浣纱北路（大桥路-艮塔路）,浙江省绍兴市诸暨市浣纱北路32-2号,120.239431,29.71434
1012312288YRB24CYLBLT,浣纱南路（苎萝路-南兴路）,浙江省绍兴市诸暨市浣纱南路84号,120.236308,29.700229
1012312288YRB62F6P9TT,浣纱南路（南兴路-南屏路）,浙江省绍兴市诸暨市浣纱南路34号,120.236433,29.708487
1012312288YRBA0HET81T,江东路（大桥东路-望江一路）,浙江省绍兴市诸暨市江东路20-11,120.628843,30.123013
1012312288YRBEU44Q1VL,滨江中路（艮塔东路-望江三路）,浙江省绍兴市诸暨市滨江中路34-2号,120.244402,29.714461
1012312288YRBI4HZHCE9,江东路（西施大街-大桥东路）,浙江省绍兴市诸暨市江东路3号,120.300018,29.913012
1012312288YRBLMRYOUTD,江东路（望江一路-望江二路）,浙江省绍兴市诸暨市江东路17号,120.255482,29.719913
1012312288YRBP13VO9A9,江东路（望江二路-望江三路）,浙江省绍兴市诸暨市江东路54号,120.245457,29.713411
1012312288YRBS7JO7FUP,望江二路（高湖路-江东路）,浙江省绍兴市诸暨市望江二路31-～33号,120.244819,29.711275
1012312288YRBWX8BW5Q9,望江二路（浣东北路-高湖路）,浙江省绍兴市诸暨市望江二路2号,120.246025,29.710425
1012312288YRBZRTXR0G1,望江三路（高湖路-江东路）,浙江省绍兴市诸暨市江东路72弄-12号,120.871401,30.020485
1012312288YRC2EJF5N9D,望江三路（浣东北路-高湖路）,浙江省绍兴市诸暨市望江三路58-2号,120.246129,29.713131
1012312288YRC518WKA2P,望江三路（江东路-滨江中路）,浙江省绍兴市诸暨市望江三路22,120.245233,29.715305
1012312298YXGS3Y2CBNL,东旺路188弄（东旺路-东二环路）,浙江省绍兴市诸暨市东旺路,120.267388,29.7076
1012312298YXHTPH9LYPT,东二路123弄（东旺路188弄-东二路）,浙江省绍兴市诸暨市,120.267388,29.7076
1012312298YXIJSNZ82YP,东二路129弄（东一路88弄-东二路123弄）,浙江省绍兴市诸暨市东一路88弄,120.26414,29.704429
1012312298YXIV34CFDVL,东一路82弄（东二路123弄-东二路）,浙江省绍兴市诸暨市东一路88弄,120.268267,29.706365
1012401199375YC6OSJ5T,东三路（东二环路-东旺路）,浙江省绍兴市诸暨市东三路,120.687245,30.195781
10124012093FZKG7Y8M4H,永昌南路（东一路-东二路）,浙江省绍兴市诸暨市东昌路22号,120.25345,29.706878
10124013095GY8GDKUBY9,艮塔东路（高湖路-暨东路）,浙江省绍兴市诸暨市艮塔东路41号,120.250459,29.709661
10124013095H4QPBO8UF5,东兴路50弄,浙江省绍兴市诸暨市东兴路50号,120.254301,29.703508
10124013095HHCMD4CC1T,艮塔东路（交通银行）,浙江省绍兴市诸暨市艮塔东路3号,120.2467,29.716662
1012405049OQ8ZNVP3U2P,苎萝东路（东二环路-东旺路）1,浙江省绍兴市诸暨市苎萝东路辅路,120.264611,29.700811
1012405079PB3TJY248W1,东三路（应山公园-东旺路）,浙江省绍兴市诸暨市东三路,120.687245,30.195781
10194EPFKJK9HC1,诸暨客运中心,浙江省绍兴市诸暨市暨东路38号,120.258914,29.71139
1019B4Y82CZPJ41,诸暨浣东中路停车场,浙江省绍兴市诸暨市浣东中路2-7号,120.240063,29.706329
1019BR66PPAFMYP,法院南面停车场,浙江省绍兴市诸暨市和济路,120.264371,29.710894
1019C4RHPY07LDT,农贸市场停车场,浙江省绍兴市诸暨市江东路165号,120.58868,29.999373
1019CS2W3YDW3R5,浣东北路停车场,浙江省绍兴市诸暨市浣东北路71号,120.247257,29.714578
1019CZRAOO40UTD,法院南小停车场,浙江省绍兴市诸暨市东旺路,120.266301,29.710266
1019DCXVX4LTDS1,城市馆地下停车场,浙江省绍兴市诸暨市,120.265038,29.702808
1019DY4KBPHCSG1,城郊居停车场,浙江省绍兴市诸暨市浣东北路102号-3,120.248741,29.711982
1019JVX01UVMSCH,幸福家园停车场,浙江省绍兴市诸暨市幸福路,120.274013,29.706901
1019MAR69WRHHXD,西子公寓停车场,浙江省绍兴市诸暨市新曙路,120.278879,29.688846
1019N4FJ7J6DUYP,篮球场停车场,浙江省绍兴市诸暨市东一路,120.264979,29.708602
1019NJ925VNVEV5,B3西面停车场,浙江省绍兴市诸暨市东一路88弄,120.268267,29.706365
1019NQXA5T5QN0H,高湖路停车场,浙江省绍兴市诸暨市高湖东路,120.259204,29.715771
1019OB9A6TQBIF5,B3东面停车场,浙江省绍兴市诸暨市东一路88弄,120.268267,29.706365
1019OKCEEUFL14X,B3地下停车场,浙江省绍兴市诸暨市东一路88弄,120.53764,30.098992
1019OL9Y9LJU8ZL,办证中心停车场,浙江省绍兴市诸暨市和济路,120.264371,29.710894
1019OZ5N67MRGU9,富润大厦停车场,浙江省绍兴市诸暨市东一路68弄,120.260612,29.70702
1019P64JXOTBCAP,市民公园西南停车场,浙江省绍兴市诸暨市东祥路,120.261643,29.707029
1019PDAS7RIP7GH,市民公园东北面停车场,浙江省绍兴市诸暨市东旺路188弄,120.266768,29.705644
1019PDPET4GWE81,市民公园北面停车场,浙江省绍兴市诸暨市东一路,120.259102,29.708483
1019PPRJOVPQXA9,市民公园西北面停车场,浙江省绍兴市诸暨市东祥路,120.261643,29.707029
1019PRTQD59LIWX,永乐路停车场,浙江省绍兴市诸暨市永乐路,120.246602,29.709398
1019Q6UK2GUCAV5,市民公园地下停车场,浙江省绍兴市诸暨市东二路,120.263247,29.704649
1019QKKS3RWOFEP,人防大厦停车场,浙江省绍兴市诸暨市东一路68弄,120.350522,29.841579
1019QQI47MBE48X,市民公园东南面停车场,浙江省绍兴市诸暨市东旺路,120.266556,29.70562
1019QSOJ54NFBPD,市民公园南面停车场,浙江省绍兴市诸暨市东二路,120.257502,29.705172
1019REU2R6D37Y9,城东公园地下停车场,浙江省绍兴市诸暨市,120.273375,29.690375
1019S5R3X1SOHS1,一百淘宝城停车场,浙江省绍兴市诸暨市江东路157号,120.247257,29.714578
1019SEVYY7X0W75,十里牌停车场,浙江省绍兴市诸暨市S308辅路,120.280095,29.710885
101A71EYEGIL5A9,郑家小游园停车场,浙江省绍兴市诸暨市艮塔东路182号,120.248575,29.713912
FN00020,世茂皇冠假日酒店停车场,胜利东路379号绍兴世茂皇冠假日酒店,120.60308,30.003938
FN0003,金昌昆仑国际2号楼,越城区金昌?昆仑国际昆仑商务中心2幢,120.600943,30.003972
FN0008,绍兴越国文化博物馆停车场,浙江省绍兴市越城区绍兴越国文化博物馆(鲁迅故里景区东),120.495085,30.080032
FN0009,八佰伴停车场,解放北路199号八佰伴购物中心,120.580234,30.00582
FN0010,金时代广场停车场,浙江省绍兴市越城区环城西路513号,120.499048,30.088391
HK00001,月池坊,越城区解放北路328号,120.582374,30.00304
HK00002,绍兴世茂广场停车场,环城东路世茂广场,120.594815,30.002384
HK00003,咸亨大酒店停车场,浙江省绍兴市越城区解放南路680号,120.578985,29.985288
HK00004,黄金时代停车场,绍兴市越城区西施山路200号,120.60485,30.006929
HK00005,博览?财智大厦停车场,绍兴市越城区梅龙湖路80号,120.60267,30.006968
HK00007,红太阳写字楼停车场,中兴中路108红太阳写字楼,120.586739,29.998745
HK00008,汇银大厦停车场,梅龙湖路,120.60335,30.001347
HK00009,欧尚超市,越城区胜利东路386号,120.598691,30.003483
HK00010,月丽大厦停车场,绍兴市越城区二环北路与中兴路交叉口附近,120.595959,30.021001
HK00011,中金国际停车场,绍兴市越城区中兴北路666号,120.596545,30.022139
HK00012,财源中心停车场,绍兴市梅龙湖路56号,120.60267,30.006968
HK00013,汇金大厦停车场,中兴北路601号,120.599607,30.004017
HK00015,昆仑国际停车场,浙江省绍兴市越城区胜利东路398号,120.600902,30.003998
HK00017,咸亨新天地停车场,浙江省绍兴市越城区鲁迅中路179号,120.580187,29.990537
HK00018,塔山文化广场停车场,绍兴市越城区解放南路271号附近,120.579842,29.991729
HK00019,天元国际停车场,绍兴市越城区云东路105号,120.603097,29.999995
HK00020,越城金帝银泰停车场,越城区解放南路777号,120.578116,29.984978
HK00021,元城大厦停车场,越城区胜利东路435号,120.603399,30.002759
HK00023,妇幼保健院-北,八字桥直街,120.590009,30.000009
HK00024,越王城地下停车场,偏门直街与大教场沿交叉口西北150米,120.573461,29.997206
HK00026,绍兴第二医院停车场,浙江省绍兴市越城区延安路123号,120.585088,29.989517
HK00027,绍兴一中初中部停车场,越城区胜利西路213号,120.615014,30.092079
HK00028,阳光大厦停车场,浙江省绍兴市越城区胜利东路390-394号,120.599309,30.00344
HK00031,八字桥停车场,八字桥,120.589851,30.000524
HK00033,城市广场大型地下停车场,胜利西路和解放北路交叉口,120.578107,30.004335
HK00034,城市广场立体停车场,解放北路377号,120.580276,30.001456
HK00035,东街广场停车场,浙江省绍兴市越城区四马路9号西北70米,120.582076,29.998794
HK00062,高家弄停车场,绍兴剧院对面,120.460331,30.053164
HK0036,鼎盛时代广场停车场,浙江省绍兴市越城区胜利东路375号鼎盛时代大厦,120.601205,30.004669
HK0041,鲁迅故里停车场,中兴南路146号鲁迅故里,120.58637,29.991113
SF000901,世茂湖滨商业中心,越城区胜利东路355号,120.596973,30.005845
SF000902,欧尚地下停车场,越城区胜利东路386号,120.567097,30.013582
SF000903,世茂百盛广场,越城区胜利东路379号,120.60308,30.003938
SF00104,越国文化博物馆地面,中兴南路187号,120.587255,29.991522
SF001041,越国文化博物馆地下,中兴南路187号,120.587255,29.991522
SF00107,开元名都大酒店,越城区人民东路278号,120.609972,29.992635
SF00118,国际摩尔城,官渎路与霞西路交叉路口,120.569143,30.011391
SF00119,世纪联华城东店,人民中路618号,120.594656,29.995533
SF00120,八佰伴停车场,解放北路199号八佰伴购物中心,120.580234,30.00582
SF00121,市妇保院停车场,越城区东街305号,120.587988,29.998837
SF001211,妇幼保健中心,浙江省绍兴市越城区东街305号,120.243018,29.723006
SF00124,水街文创园停车场,树下王路15号,120.573954,29.999221
SF00128,金时代广场停车场,环城西路513号,120.499048,30.088391
SF00133,好望大厦停车场,中兴北路601号,120.599046,30.021551
SF00141,鲁迅电影院,绍兴市越城区县前街45号,120.582494,30.001737
SF00146,悦邻大厦,浙江省绍兴市越城区城南街道城南大道112号,120.593391,29.974184
SF00151,台州银行,浙江省绍兴市越城区府山西路295号,120.570398,30.003701
SF00152,盛鑫大厦,洋江西路292号,120.588325,30.049225
SF00155,绍兴口腔医院,浙江省绍兴市越城区延安东路399号,120.607362,29.989411
SF00159,第二医院停车场,越城区延安路123、141-147号,120.585088,29.989517
SF00171,金帝惠坊街停车场,金帝惠坊街停车场,120.57732,29.986434
SF00173,玛格丽特,解放北路2号玛格丽特,120.579672,30.012801
SF00174,高新区人民医院,银兴路高新区人民医院,120.671429,30.002734
SF00180,越城区图书馆,越城区洋江西路530号,120.592509,29.989795
SF00182,金帝地面停车场,浙江省绍兴市越城区和畅堂104号附近,120.579151,29.987345
SF00187,鲁迅西路停车场,绍兴市越城区大教场沿银都花园东南侧,120.573781,29.994275
SF00901,东街广场地下停车场,四马路9号西北70米,120.500553,30.078375
SF00902,城市广场地下停车场,越城区仓桥直街11号,120.241044,29.708317
SF00903,高家弄停车场,高家弄,120.581734,29.995943
SF00904,天元国际,越城区云东路105号,120.603097,29.999995
SF00906,王子商业街,惠风路10号,120.580058,29.984525
SF00907,冠城商业广场,青甸路信达银郡南侧,120.552508,30.012299
SF00908,黄金时代停车场,绍兴市越城区西施山路200号,120.60485,30.006929
SF00909,财智大厦,绍兴市越城区梅龙湖路80号,120.603113,30.007334
SF00910,银座电脑城,越城区人民中路与新建北路交叉口西北100米,120.583671,29.997173
SF00911,鲁迅故里入口,鲁迅故里入口,120.586734,29.990805
SF00912,金昌昆仑国际2号楼,越城区金昌?昆仑国际昆仑商务中心2幢,120.600943,30.003972
SF00913,金昌昆仑东区,胜利东路395号,120.601983,30.003582
SF00914,八字桥停车场,越城区东街305号,120.589851,30.000524
SF00915,城市广场立体停车库,越城区仓桥直街11号,120.580053,30.001431
SF00916,中兴北路立体停车场,中兴北路318号,120.593675,30.016875
SF00917,咸亨大酒店,咸亨大酒店,120.581809,29.986382
SF00918,世茂天际中心停车场,越城区胜利东路379号,120.60308,30.003938
SF00919,梅龙湖公园停车场,五云北路与西施山路交叉口南50米,120.607759,30.007155
SF00920,越城区人民医院,平江路575号,120.607283,29.987279
SF00921,汇银大厦,汇银大厦,120.60371,30.001327
SF00923,阳光大厦,越城区胜利东路390-394号,120.599309,30.00344
SF00925,中惠百货地下停车场,中兴中路33号,120.587617,29.997569
SF00926,塔山文化广场,塔山文化广场,120.579842,29.991729
SF00927,中金国际停车场,越城区中兴北路666号,120.596545,30.022139
SF00928,财源中心,越城区梅龙湖路56号,120.60267,30.006968
SF00929,市人民医院,中兴北路568号,120.593474,30.02316
SF00930,市人民医院立体停车库,中兴北路568号,120.593675,30.016875
SF00931,砥砺文化创业园,平江路78号,120.60922,29.995746
SF00932,迪荡滑板公园停车场,迪荡滑板公园-西门,120.600943,30.008434
SF00933,周恩来故居,劳动路246号,120.586037,30.001668
SF00934,情缘龙山,绍兴市越城区偏门直街与府山西路交叉口东50米,120.571561,29.995377
SF00935,绍兴一中初中部停车场,浙江省绍兴市越城区胜利西路185号,120.615014,30.092079
SF00939,越王城地下停车场,偏门直街与大教场沿交叉口西北150米,120.573461,29.997206
021c6f0a01bd486abbd6441a377acebc,湖滨路-1路段,湖滨路-1路段,120.493539,30.061077
021f50c75bab4a818f94a4f6a35b726b,X新和成路,X新和成路,120.866961,29.508786
06318e2e5b1d42238ba6da95eeea2c20,S四季路,S四季路,120.866873,29.500702
06b6c6d5f2f24884897106460b1570f0,L-丽江路,丽江路,120.848465,29.512659
08a3d865f9d848e89e735f9c34f5e9c7,大道东路1,大道东路1,120.934325,29.485275
09bb2f07273f479881e70be13953f7cb,文体路路段,文体路路段,120.604698,29.987224
0c1aaac8221c4cc8954e33382c577e53,X-西昌北路,X-西昌北路,120.894586,29.509664
0f93c05f0b374aeba628779249aa944d,Y演溪路2期,Y演溪路2期,120.867746,29.5108
121066508c2a4fae8d91d5351a63739d,R-仁爱巷,R-仁爱巷,120.914873,29.497003
15e95b74e0634ac8b1cbd7fb3e25f357,锦绣华庭-1路段,锦绣华庭-1路段,120.881125,29.512925
18ae4ab3b3a0472d8e6c1bc79e263730,七星路-1路段,七星路-1路段,120.87412,29.509919
190f0104929d4e68829f37aea6739f8b,金汇广场路段,金汇广场路段,120.866961,29.508786
21d46d1dd3024b5184038ae16420acc2,佳艺广场,佳艺广场,120.917083,29.494713
22a13c1848f346d192a374b2ca8e3f12,银城三街,银城三街,120.899591,29.500717
232e3c8a7da74e8ea532cc99c3c8db66,七星批发市场路段,七星批发市场路段,120.450764,30.114536
2553f746e9fc4adb9552596040fa143c,江滨东路,江滨东路,120.824246,29.586863
25d7f4bfa2064f73b630f6408e5f55f8,新昌中学路段,新昌中学路段,120.882314,29.50165
297628312efb4b088c0e958a6e7ee7e0,东昌路路段,东昌路路段,120.513371,30.127106
2a127791397744a988aea9f13b9d5089,体育新村路段,体育新村路段,120.873544,29.502181
2f17547afddb434dabb223a5fb3f6e72,七星中学路段,七星中学路段,120.877725,29.506525
31216aa30c034c78afa9c3abea520a58,石城路-1路段,石城路-1路段,120.892941,29.502629
348c070bb5d7466ea6be2040289a06b8,大道东路2,大道东路2,120.934957,29.483974
37fae68636fe4af889da772e402b0289,南坑路段,南坑路段,120.898993,29.501786
38973993637642df969791abe42f6c59,T泰坦大道2期,T泰坦大道2期,120.843433,29.514882
39537f4d422a4d86a69947e4b31582dd,大佛路路段,大佛路,120.891252,29.505496
3b87cc16d1144cae9505d8a60cec4af9,Y育英路,Y育英路,120.258323,29.756684
3bcd40b4dc8b4d9289445dd5c17dd70e,博大山水-1路段,博大山水-1路段,120.871875,29.513575
3c6317b3d46b45c884f86364adee0dc4,N南岩路,N南岩路,120.868881,29.507781
41d8ac1823b141dbb655153c24deca1f,幸福里小区路段,幸福里小区路段,120.864742,29.502674
4543b2181ac848ab977cc59e36cf53de,西昌南路路段,西昌南路,120.89083,29.506568
4aeb486e309f4f97aa3eb6012b95553d,桃园新村,桃园新村,120.838668,30.094835
59fb9c267543495c91fb002f6d1292b8,C-城东大桥,C-城东大桥,120.920595,29.491523
69690d475484483daab86963963563c5,塔山一路,塔山一路,120.869116,29.515513
6b2a8efd5c9246c2b35f1727b437b845,N南明路,N南明路,120.909346,29.498414
6b418f0b7dbf41c99a378ac760d4ada4,阳光路/星光路路段,阳光路/星光路路段,120.48902,30.130424
749af56905144dd08337fc6fab01f02a,东联菜场路段,东联菜场路段,120.490631,30.141266
757273b3629c4999bc21e3fff29f10bf,新世纪广场路段,新世纪广场路段,120.253695,29.70291
7972a6e3a84a444dbaf565d52183cc8c,东兴路路段,东兴路路段,120.254557,29.685295
7d0a044d0c0344a1bb41fb984288afcc,D-东沙路,D-东沙路,120.918854,29.49127
7ecb48439fc64ed2acdf2a67f0d2b8a5,丽都四季花园路段,丽都四季花园路段,120.865953,29.501115
81165892db384913935baad6e8688e23,Y-沿江中路,Y-沿江中路,120.893928,29.507613
8219bfab76874d68afe764fee1258991,T-体育场路,T-体育场路,120.537458,30.049507
83c7711b7f604fb9869cc8c1d9332e4f,C-城南路,C-城南路,120.23284,29.700584
8b238d29417b4a73afbc768433d1b6b9,春江花苑路段,春江花苑路段,120.901639,29.503723
8b55f7c966b94bce8c1006ba0fdd0ff5,X-香溢路,X-香溢路,120.84999,29.505156
91127f74f2514937b2b2fc1812b921e5,W-沃洲路,W-沃洲路,120.893247,29.504583
958b03dcc1114122938bc9aba81c3901,D-东川路,D-东川路,120.920076,29.488373
95e79b0b2af34437b5304532ea549aaa,茶市路-1路段,茶市路-路段1,120.857206,29.492571
95f08e090d4e4854a9d54434516f0e50,银城一街,银城一街,120.900169,29.50017
96ce434b712144b7a5fd81882676c0fd,R-人民东路,R-人民东路,120.627374,29.477068
993dc86fb487440d8ce7f91862dc7194,城北菜场路段,城北菜场路段,120.880526,30.041581
99495af4b1634bcabb8722617ff20631,G鼓山西路,G鼓山西路,120.875678,29.503557
999388f57e564cb38a34a893e6d13d12,银城四街,银城四街,120.484999,30.064989
9a9d35a28e534820bb71ca91f0e9f4f7,杭州银行路段,杭州银行路段,120.587475,29.996925
9b5cb43996d14adab715db0885478ed4,碳水王国,碳水王国,120.905254,29.498936
9df3539c392844e3ac0ef8d7ca2c96b9,江滨西路,滨江西路,120.864267,29.512841
XC2020001,档案馆图书馆博物馆停车场,新中路207号,120.881618,29.505822
XC2020002,演溪路停车场,新昌县演溪路,120.884912,29.512184
XC2020003,服务大楼停车场,新昌县演溪路,120.50222,30.098313
XC2020004,十九峰路停车场,新昌县十九峰路,120.865392,29.505493
XC2020005,智慧家园停车场,新昌县演溪路,120.865478,29.509824
XC2020007,鼓山停车场,新昌县鼓山公园,120.8874,29.504764
XC2020008,七星大桥停车场,新昌县七星大桥,120.873924,29.513564
XC2020009,孝行路停车场,新昌县孝行路,120.862117,29.508185
XC2020011,南明街道办事处停车场,南明街道人民东路130号,120.915901,29.493838
XC2020012,新昌县自然资源和规划局停车场,南明街道江滨中路7号（原广电大楼）,120.858687,29.513266
XC2020013,新昌县农业农村局停车场,南明街道鼓山中路66号,120.900234,29.502671
XC2020014,新昌县财政局停车场,南明街道鼓山中路118号,120.896468,29.503022
XC2020015,新昌县综合行政执法局停车场,南明街道大佛路1号,120.891342,29.501106
XC2020016,新昌县税务局停车场,七星街道鼓山西路398号,120.876529,29.505289
XC2020017,新昌县经济和信息化局停车场,七星街道十九峰路与桃源路交叉口南100米（新海上天大酒店西侧）,120.844048,29.511944
XC2020018,新昌县教育体育局停车场,七星街道桃源路35号,120.873166,29.506558
XC2020019,新昌县卫生健康局停车场,七星街道孝行路358号,120.867745,29.505282
XC202002,演溪路停车场,新昌县演溪路,120.884912,29.512184
XC2020020,新昌县交通运输局停车场,七星街道鼓山西路650号,120.873166,29.506558
XC2020021,高新技术产业园区管理委员会停车场,七星街道三花路2号,120.849637,29.505882
XC2020023,城西小学停车场,城西小学,120.219334,29.720206
XC2020024,下司巷停车场,人民中路,120.839378,29.577866
XC2020025,春江花苑,春江花苑,120.900722,29.504377
XC2020026,家友超市,家友超市,120.40694,30.122531
XC2020027,新世纪广场,新世纪广场,120.500516,30.056788
XC2020028,老北站,老北站,120.82797,29.592397
XC2020029,南北大道,南北大道,120.723342,29.959064
XC202003,服务大楼停车场,新昌县演溪路,120.50222,30.098313
XC2020030,环城南路,环城南路,120.583326,29.982723
XC2020031,文体路,文体路,120.904587,29.502922
XC2020032,江滨中路,江滨中路,120.906097,29.504258
XC2020033,东联菜场,东联菜场,120.913939,29.492837
XC2020034,城北菜场,城北菜场,120.90942,29.502609
XC2020035,湖滨路,湖滨路,120.492287,30.057425
XC2020036,东兴路,东兴路,120.915622,29.494911
XC2020037,石城东路,石城东路,120.892688,29.502332
XC2020038,石城西路,石城西路,120.89296,29.50539
XC202004,十九峰路停车场,新昌县十九峰路,120.865392,29.505493
XC2020040,胜利路,胜利路,120.87877,30.014757
XC2020041,工农路,工农路,120.801906,29.58575
XC2020042,南街停车场,南街停车场,120.981774,29.944572
XC2020043,南坑东路,南坑东路,120.898997,29.502314
XC2020044,南坑西路,南坑西路,120.899097,29.500936
XC2020045,人民西路牛头岭,人民西路牛头岭,120.573968,29.996583
XC2020046,横街,横街,120.906462,29.499174
XC2020047,星光路,星光路,120.913613,29.499209
XC2020048,新昌中学,新昌中学,120.883025,29.503225
XC2020049,民生园,民生园,120.88063,29.505123
XC202005,智慧家园停车场,新昌县演溪路,120.865478,29.509824
XC2020050,七星批发市场,七星批发市场,120.874078,29.506163
XC2020052,杭州银行,杭州银行,120.587475,29.996925
XC2020053,七星中学,七星中学,120.877725,29.506525
XC2020054,七星路,七星路,120.87439,29.507675
XC2020055,演溪路,演溪路,120.872541,29.511063
XC2020056,锦绣华庭,锦绣华庭,120.881125,29.512925
XC2020058,新时代广场,新时代广场,120.886975,29.503725
XC2020059,丽都四季花园,丽都四季花园,120.862282,29.504548
XC2020060,幸福里小区,幸福里小区,120.864742,29.502674
XC2020061,体育新村,体育新村,120.873544,29.502181
XC2020062,金汇广场,金汇广场,120.866961,29.508786
XC2020063,十九峰景区停车场,浙江省新昌县澄潭街道横联村义亩潭十九峰景区,120.809675,29.379525
XC202007,鼓山停车场,新昌县鼓山公园,120.8874,29.504764
XC202008,七星大桥停车场,新昌县七星大桥,120.873924,29.513564
XC202009,孝行路停车场,新昌县孝行路,120.862117,29.508185
XC202010,南明路立体停车场,新昌县演溪路,120.884912,29.512184
a1a7aefd1a7e44f29d1e41b589375eae,新时代广场路段,新时代广场路段,120.886975,29.503725
a4444baa999c48539c3ef252d19922b8,工农路路段,工农路路段,120.153773,29.596893
a577d69a6c8a4d8da7257c70c4999bf6,江滨中路路段,江滨中路路段,120.909457,29.503369
acf60db9447649a380c8fc93fb17ed3c,天姥路全路段,天姥路,120.895115,29.503783
b51025123108455db21a93c7acdf62c8,M茗香路,M茗香路,120.895782,29.508066
b89b473617c34815a4bdd6a40c2f4593,新昌大道西,新昌大道西,120.892636,29.513956
c14c2fc9bc1a43a8945f0e197b69e74e,S十九峰路,S十九峰路,120.865392,29.505493
c916a24cb21143d883363c02b3f7837a,F-凤山路,F-凤山路,120.882326,30.016754
ca1fcdbf0bbd4fc78a62036dfbf1b91f,新中花园民生园路段,新中花园民生园路段,120.880999,29.504963
d4db013cdcee4904a27c09531041fc57,石城路-2路段,石城路-2路段,120.892229,29.502126
d5fe423dcbfd463d8c451e52c0f74401,人民西路牛头岭路段,人民西路牛头岭路段,120.573968,29.996557
d73e056d2c9b405ea337d39a990c6289,胜利路路段,胜利路路段,120.324392,29.914874
dab6f033197d40c9bbcea48d4617c5a8,横街路段,横街路段,120.877333,30.014174
dbf878bbc8904624908446c330396a4d,K-康福路,K-康福路,120.332343,29.69896
dc39e1bc41ef42eeb2f3fe1ac957c3d5,平川路路段,平川路路段,120.91971,29.4879
dc904b40f27b45e4bbd7baf093edbd76,G-桂苑二路,G-桂苑二路,120.888182,29.502407
dfc0c2565d4f406ab78456e77e20d7e8,大道中路,大道中路,120.899825,29.508825
e372426501c44efb8f29281d2d013aae,演溪路路段,演溪路路段,120.869086,29.510532
f12dd567fc9e4795aeb606c93a4e00f5,塔山二路,绍兴市新昌县新昌大道西段新昌县塔山,120.865435,29.51614
f58e7d93ac234217aebb972720b67044,湖滨路-2路段,湖滨路-2路段,120.493539,30.061077
f7c03d2cd9694fcea86fe54a9be7ba19,泰坦大道路段,泰坦大道路段,120.844048,29.511944
XC2020022,大佛寺文化旅游区停车场,人民西路117号,120.890925,29.501325
047cdf25b0a148eea0590851f4f5264b,冀祥国际停车场,柯桥区湖东路与绸缎路交汇处冀祥国际,120.512056,30.101955
1,万和丽都停车位,华齐路-钱陶公路，湖东路东侧人行道里面,120.512782,30.093529
10,纳尼亚花园酒店停车场,迎驾桥路-华齐路，湖中路东侧（人行道）,120.509258,30.100314
100,鉴湖路，柯福路-金柯桥大道停车位,柯福路-金柯桥大道,120.495235,30.079631
101,港越路辅车道公共停车位,笛扬路-金柯桥大道,120.496311,30.080764
102,山阴路凯丽商务酒店门口停车位,山阴路,120.567139,29.994776
103,山阴路，笛扬路--明珠路停车位,笛扬路-明珠路,120.490536,30.07477
104,"山阴路,明珠路-金柯桥大道停车位",明珠路-金柯桥大道,120.492536,30.078161
105,鉴湖路，育才路-笛扬路停车位,育才路-笛扬路,120.493223,30.088046
106,鉴湖路，笛扬路-明珠路停车位,笛扬路-明珠路,120.490536,30.07477
107,鉴湖路，明珠路-金柯桥大道停车位,明珠路-金柯桥大道,120.492536,30.078161
108,金永泰大酒店旁边停车位,鉴湖路-育才路口,120.478094,30.074976
109,山阴路，育才路--笛扬路停车位,育才路-笛扬路,120.475773,30.062439
11,鲁越人家大酒店停车场,湖中路-湖东路，华齐路北侧,120.510256,30.096943
110,中医院外围车位,笛扬路-山阴路,120.463935,30.087255
111,中医院停车场,笛扬路-山阴路,120.827335,29.585693
112,金苹果足浴城外围车位,笛扬路,120.878075,30.036525
113,明珠广场文化馆停车场,金柯桥大道西侧明珠广场,120.495085,30.080032
1144136ea68d41aea5135cde9581874b,坂湖公园钱陶公路1号停车场,柯桥区钱陶公路坂湖公园钱陶公路1号停车场,120.472563,30.100758
116,博物馆南侧停车场,博物馆南侧,120.432467,29.557068
118,笛扬路管宁小区前停车位,震之堂至管宁小区门前人行道,120.486578,30.079739
119,笛扬路世纪联华超市停车位,世纪联华超市至新江桥旁人行道,120.569177,30.01135
12,红星美凯龙西门停车场,华齐路-迎驾桥路，金柯桥大道东侧,120.505457,30.099787
120,群贤路王子宴会对面停车场,新开河北侧公园（笛扬-育才）,120.500399,30.102534
121,群贤路中和公园旁停车场,育才路-越仕路,120.478704,30.075922
122,群贤篮球场前停车位,柯华路-越仕路 （群贤游泳池边上）,120.57193,29.9786
123,群贤路北侧区公园停车场,笛扬路-金柯桥大道（区政府东侧金柯桥大道与群贤路交叉口）,120.593031,30.064265
124,群贤北侧区政府旁停车场,笛扬路-金柯桥大道,120.470309,30.093016
125,黄社溇路路上停车场,笛扬路-县府（天虹商场北侧）,120.495085,30.080032
126,黄社溇路路上停车位,育才路-笛扬路（兴越东区南侧马路）,120.486216,30.089122
127,黄社溇路人行道上停车位,育才路-笛扬路（领先国际北侧人行道）,120.485842,30.086471
128,昌隆•都市春天商业中心停车位,笛扬与兴越路交叉口,120.491561,30.087454
129,兴越农贸市场停车位,育才路-笛扬路,120.493223,30.088046
13,红星美凯龙北门停车场,湖中路-金柯桥大道迎驾桥路南侧,120.505457,30.099787
130,兴越南区外人行道停车位,兴越路南侧,120.485295,30.088143
131,裕民路华宇天庭外停车位,笛扬路-温渎路,120.496631,30.088527
132,国贸大厦外停车场,钱陶公路-裕民路,120.510428,30.092546
133,万国中心外停车位,钱陶公路-裕民路,120.50108,30.093773
134,永利大厦外A座停车场,钱陶公路-裕民路,120.50108,30.093773
135,永利大厦外B座停车场,钱陶公路（金柯桥大道-笛扬路）,120.504637,30.093883
136,轻纺城坯布市场停车场,华齐路北（金柯桥大道-笛扬路）,120.505457,30.099787
137,轻纺城体育场中心停车场,华齐路南（金柯桥大道-笛扬路）,120.504637,30.093883
138,蓝天商业广场地上停车场,群贤路与笛扬路交叉口,120.481853,30.090102
139,兴越路停车场,兴越路与金柯桥大道交叉口,120.505265,30.083338
14,迎驾桥南侧停车场,金柯桥大道-湖中路,120.505457,30.099787
140,大转盘土菜馆门口停车位,柯华路与鉴湖路交叉口人行道上,120.471022,30.078479
141,鉴湖路南侧建设银行前停车位,鉴湖路与育才路交叉口建设银行门口人行道上,120.485139,30.071076
142,育才路上海银行门口停车位,育才路与鉴湖路交叉口上海银行门口人行道上,120.482583,30.081774
143,育才路，鉴湖路至万商路停车位,鉴湖路至万商路车行道上,120.480332,30.067993
144,育才路东侧停车位,鉴湖路至万商路之间车行道上,120.480332,30.067993
145,鉴湖路南侧车行道停车位,育才路至浙纤路之间车行道上,120.479344,30.071359
146,鉴湖路南侧人行道停车位,育才路至浙纤路之间人行道上,120.482328,30.072339
147,万商路北侧停车位,育才路至车站路之间人行道上,120.472059,30.071507
148,零头布市场门口收费停车场,柯华路东侧（山阴路-鉴湖路）,120.87821,30.02456
149,柯华路与群贤路交叉口停车位,人行道上,120.479614,30.088048
15,红星美凯龙东门停车场,华齐路-迎驾桥路，金柯桥大道东侧,120.505457,30.099787
150,山阴路，柯华路至中泽路停车位,柯华路至中泽路车行道上,120.474925,30.078466
151,中泽路收费停车场,中泽路东侧,120.87821,30.02456
152,山阴路，中泽路至育才路停车位,中泽路至育才路车行道上,120.481806,30.080494
153,育才路中国银行门口停车位,育才路与鉴湖路交叉口中国银行门口人行道上,120.477904,30.074871
154,柯华路事业单位限时开放停车场,鉴湖路-万商路,120.485619,30.096014
155,育才路东侧停车场,育才路与万商路交叉口交通银行门口人行道上,120.158888,29.887678
156,万商路，浙纤路至育才路停车位,浙纤路至育才路之间人行道上,120.481806,30.080494
157,浪琴公馆售楼处门口停车位,车站路至柯华路浪琴公馆售楼处门口人行道上,120.469876,30.074651
158,柯华路东侧事业单位开放停车场,鉴湖路至山阴路之间,120.485619,30.096014
16,建材市场南门停车场,金柯桥大道-湖中路，钱陶公路北侧,120.504532,30.143109
160,柯华路东侧停车位,鉴湖路至山阴路之间车行道上,120.463935,30.087255
161,柯华路西侧停车位,裕民路至兴越路之间之江学院门口人行道上,120.481194,30.091915
162,同乐鹅庄门口停车位,大坂风情与柯华路交叉口人行道上,120.570489,30.002224
163,坂湖明珠门口停车位,柯华路西侧人行道上,120.478394,30.087441
165,笛扬路东侧，兴越路-人和路停车位,兴越路-人和路,120.496631,30.088527
166,笛扬路东侧，笛扬路与裕民路停车位,笛扬路与裕民路交叉口,120.492779,30.089769
167,中国建设银行（笛扬路人行道）停车位,人利路-裕民路,120.475773,30.062439
168,星程酒店周围停车位,笛扬路与裕民路交叉口,120.825781,29.567424
169,新华书店门前人行道停车位,笛扬路与裕民路交叉口,120.873175,29.498525
17,沃德酒店地上停车场,金柯桥大道-湖中路，钱陶公路北侧,120.507059,30.09361
170,喜悦酒店地上停车场,笛扬路与裕民路交叉口（笛扬路西侧）,120.538151,30.102521
171,中海国际地面停车场,兴越路-裕民路（笛扬路西侧）,120.492913,30.088533
172,蓝天市心广场停车位,兴越路-黄社溇路（笛扬路西侧）,120.490258,30.084846
173,富丽华大酒店地面停车场,黄社溇路与笛扬路交叉口西侧,120.489271,30.085223
174,华联国际商贸城停车位,群贤路-黄社溇路（笛扬路西侧人行道）,120.489334,30.084578
175,沃德酒店地下停车场,钱陶公路入口,120.510428,30.092546
176,家纺市场停车场,金柯桥大道入口,120.503751,30.095545
177,万达广场停车场,湖中路东入口,120.875968,29.504646
178,迎驾桥入口，红星美凯龙停车场,迎驾桥入口,120.505457,30.099787
179,轻纺城大酒店停车场,鉴湖路入口,120.482702,30.072422
18,建材市场东门停车位,华齐路-钱陶公路，湖中路西侧,120.413475,30.129875
180,世贸中心停车场,钱陶公路入口,120.503677,30.093159
182,清竹院停车场,百花路入口,120.495085,30.080032
183,北岸公园停车场,群贤路南入口,120.470309,30.093016
184,银马公寓小区停车场,群贤路北入口,120.495085,30.080032
185,联合市场停车场,金柯桥大道-湖西路，104国道北侧联合市场停车场,120.487637,30.059342
186,中国轻纺城展示中心停车场,金柯桥大道-湖西路，104国道北侧中国轻纺城展示中心地下停车场,120.487637,30.059342
187,北七区云集路停车场,云集路,120.500516,30.056788
187981c4afc44bdfb13afb140eaf240c,坂湖公园钱陶公路3号停车场,柯桥区钱陶公路与龙泽路交叉口西50米,120.475596,30.099395
188,冠城国际商业中心鑫永涛超市停车场,彪佳路北侧，柯岩大道至金柯桥大道,120.487637,30.059342
189,东升路A区地下东门停车场,东升路,120.482045,30.064015
19,亲馨嘉园停车场,迎驾桥路-华齐路，双渎路东侧,120.51837,30.098676
190,鱼得水大酒店地下停车场,东升路,120.483469,30.06341
191,针织面料市场北3门地下停车场,东升路,120.48266,30.062376
192,老市场地下停车场,东升路,120.48266,30.062376
193,东升路市场B区停车场,东升路,120.483469,30.06341
194,万商路锦麟天地地下停车场,笛扬路-浙纤路,120.479344,30.071359
195,锦麟天地名苑地下停车场,笛扬路-浙纤路,120.479344,30.071359
196,蓝天商业中心地下停车场,群贤路与笛扬路交叉口,120.490627,30.082467
197,世纪联华停车场,笛扬路（山阴-群贤）管宁小区入口,120.826087,29.57205
198,越隆大厦停车场,黄社溇路北侧小路入口,120.493328,30.084266
199,开元曼居酒店停车场,黄社溇路北侧小路入口,120.24509,29.666015
1d7aa225cbc74b52a688fe73abd7b200,金汇大厦停车场,柯桥区温渎路161号金汇大厦,120.497438,30.088475
2,万达中心名宅停车场,湖中路-湖东路，华齐路南侧人行道里面,120.508845,30.097286
20,轻纺城小学新校址停车场,华齐路-迎驾桥路，双渎路东侧,120.51837,30.098676
200,时代广场停车场,金柯桥辅道（裕民-兴越路）,120.499048,30.088391
201,轻纺城游泳馆内体育中心停车场,华齐路入口,120.500399,30.102534
202,万国中心停车场,钱陶公路-裕民路,120.500553,30.092142
204,华鑫大厦（星程酒店）停车场,笛扬路裕民路交叉口,120.496589,30.092219
205,天马君澜大酒店停车场,笛扬路与裕民路交叉口（笛扬路西侧）,120.492717,30.091874
206,喜悦酒店地下停车场,笛扬路与裕民路交叉口（笛扬路西侧）,120.240642,29.711696
207,中海国际地下停车场,兴越路-裕民路（笛扬路西侧）,120.492779,30.089769
208,蓝天市心广场地下停车场,黄社溇路-兴越路（笛扬路西侧）,120.492315,30.08464
209,银泰购物中心停车场,黄社溇路-兴越路（笛扬路东侧）,120.490258,30.084846
21,徐生记外婆菜门口停车场,华齐路-钱陶公路，湖东路西侧,120.510428,30.092546
22,万达广场东侧停车场,华齐路-钱陶公路，湖东路西侧,120.512782,30.093529
224071ffc88f455caa980abb477d23fb,瓜渚湖北岸公园停车场,柯桥区湖中路与群贤路交汇处北岸公园,120.502709,30.076224
23,万达小区南门停车场,湖中路-湖东路（无名小路）,120.506512,30.083221
24,万达广场西侧停车场,华齐路-钱陶公路，湖中路东侧,120.510428,30.092546
25,龙景嘉苑停车位,镜水路-双渎路，华齐路南北侧,120.505912,30.097377
26,迎驾小区停车位,湖中路-湖东路，华齐路北侧,120.50264,30.098363
27,绍兴启辰停车位,湖东路-双渎路，钱陶公路北侧,120.510428,30.092546
28,蝶庄南门停车位,双渎路-湖东路，裕民路北侧道路上,120.508746,30.088062
29,蝶庄南停车位,双渎路-湖东路，裕民路北侧蝶庄门口人行道里,120.508746,30.088062
2bd5e00cabf4431aa65b9c8a4274e27b,玉兰国际停车场,柯桥区湖东路1108号玉兰国际写字楼,120.507441,30.076509
2cb0ad05587244aeac10c23ed92bcb05,促进大厦停车场,柯桥区湖东路与绸缎路交汇处促进大厦,120.512816,30.104073
30,迎丰小区东门停车场,裕民路-钱陶公路，湖中路西侧,120.510428,30.092546
30993d32031d47cbb98b4d14ae0a6443,蓝天商业停车场,柯桥区笛扬路蓝天商业中心,120.495085,30.080032
31,华齐路北侧，红星美凯龙东门停车场,金柯桥大道-湖中路，华齐路北侧,120.505457,30.099787
32,装饰材料市场停车场,华齐路-钱陶公路，湖中路西侧,120.503712,30.094622
33,北联窗帘布艺市场南门停车场,金柯桥大道-湖滨路，运河路灯杆号Y20161北侧五米,120.48904,30.0658
34,运河路北市场八区停车位,金柯桥大道-湖滨路，运河路灯杆号Y20172北侧,120.485473,30.062516
35,北联窗帘布艺市场西侧停车场,万商路-运河路，无名路上运河路灯杆号Y20162北侧十米路边的停车位,120.583721,29.996937
36,新亚大酒店停车场,新亚大酒店附近,120.586455,29.996092
37,虹桥宾馆停车场,金柯桥大道-湖滨路，虹桥宾馆停车场,120.58275,29.985856
38,云集路，湖东路-湖西路停车位,湖东路-湖西路段,120.496571,30.073459
39,服装市场停车位,云集路鞋革城后方，湖西路-湖东路段,120.50386,30.095423
4,中国轻纺城家纺市场停车场,湖中路-金柯桥大道，华齐路南侧,120.503751,30.095545
40,服装市场南门停车场,云集路，湖东路-湖西路段,120.504532,30.143109
40316465c69847f19f1a1e2c5792c6f7,旺角中心停车场,柯桥区湖西路792号附近,120.497628,30.075557
41,湖东路，云集路-104国道段停车位,云集路-104国道段,120.847085,29.751809
41269cced3f3427d84a4a77d09c36ff5,中国轻纺城家纺市场停车场,柯桥区金柯桥大道1639号,120.503751,30.095545
42,耶溪路，双梅路-镜水路停车位,双梅路-镜水路段,120.521329,30.069127
43,耶溪路北侧人行道停车位,双梅路-镜水路段,120.530692,30.056672
44,绿洲路停车位,百舸路-镜水路段,120.521504,30.068623
45,农贸市场停车位,双梅路-镜水路段,120.521504,30.068623
46,轻纺大厦停车位,湖西路，万商路-港越路段,120.487611,30.066536
47,鉴湖路人行道停车位,金柯桥大道-湖西路段,120.482328,30.072339
48,鉴湖路车行道停车位,金柯桥大道-湖西路段,120.496311,30.080764
49,湖西路车行道停车位,万商路-港越路段,120.49456,30.068161
5,中国轻纺城服装市场停车场-进口,华齐路—钱陶公路，金柯桥大道东侧,120.503751,30.095545
50,农业银行停车位,金柯桥大道，鉴湖路-港越路段人行道,120.490044,30.06835
51,金昌商务大厦停车位,金柯桥大道，鉴湖路-港越路人行道,120.489108,30.067039
52,天汇宝驰大厦停车场,金柯桥大道，港越路-万商路,120.488793,30.065815
53,柯桥大道-古娄河车行道停车位,港越路，柯桥大道-古娄河车行道,120.492265,30.073379
54,古娄河-湖西路车行道停车位,港越路，古娄河-湖西路车行道,120.496571,30.073459
56,湖西路，鉴湖路-港越路停车场,湖西路，鉴湖路-港越路,120.489634,30.066416
57,湖西路，鉴湖路-港越路停车位,鉴湖路-港越路人行道上停车位,120.489634,30.066416
58,云集路，湖西路-湖东路停车场,湖西路-湖东路八区,120.495085,30.080032
5beb751fe50843bba08499dde21d9e73,瓜渚湖东停车场,柯桥区湖东路与耶溪路交叉口西北50米东岸公园,120.50712,30.067887
5ec2fc317200433fbe2053e06165d81b,瓜渚湖·南岸公园停车场,柯桥区云集路329号南岸公园,120.495925,30.060825
6,中国轻纺城服装服饰(辅料)市场停车场(出入口),湖中路-金柯桥大道，华齐路北侧,120.503712,30.094622
62,湖东路，耶溪路-云集路停车场,耶溪路-云集路停车场,120.50627,30.063396
63,云集路南侧1号停车位,湖西路-湖东路停车位人行道内侧,120.510998,30.092733
64,湖东路，群贤路-耶溪路停车场,群贤路-耶溪路停车场,120.50627,30.063396
65,湖东路，云集路--104国道段停车位,云集路-104国道段,120.847085,29.751809
66,耶溪路，双梅路--镜水路停车位,双梅路-镜水路段,120.521329,30.069127
67,云集路，湖西路--湖东路停车场,湖西路-湖东路段,120.495085,30.080032
68,湖西路，鉴湖路--港越路停车位,鉴湖路-港越路道路停车位,120.489634,30.066416
6a93153990de4dc89e60b3c6bc329297,银泰百货绍兴柯桥店停车场,柯桥区笛扬路1531号银泰百货,120.493151,30.08661
6c2f3f8f7ca64779a009f58ea6c9b667,谢桥立体停车场,柯桥区湖滨路谢桥立体车库停车场,120.492032,30.077255
7,红星美凯龙国际家居生活广场停车场,湖中路-金柯桥大道，华齐路北侧,120.505457,30.099787
70,青峰路，百舸路-镜水路停车位,百舸路-镜水路人行道停车位,120.521329,30.069127
71,乔波滑雪馆停车场,春望路南侧，柯岩大道—柯南大道,120.476376,30.055399
72,越都名府停车场,柯岩大道西侧，柯南大道—春望路,120.485862,30.048921
73,柯岩风景区停车场,柯岩大道西侧，春望路—胜利西路,120.48057,30.044529
7326f94088094060834420096a673dfa,北联市场停车场,柯桥区湖西路96号中国轻纺城北联市场,120.492643,30.061026
74,柯南大道供销超市停车场,柯南大道北侧，柯岩大道—梅泽路,120.50314,30.045392
75,阳光庭院停车场,柯南大道北侧，柯岩大道—梅泽路,120.48057,30.044529
76,梅墅水庄北侧停车位,柯南大道北侧，柯岩大道—梅泽路,120.494975,30.044075
77,山阴路，柯华路-育才路停车位,柯华路-育才路,120.478306,30.08734
775c926599fb440093879599da462885,行政中心西区停车场,柯桥区群贤路1675号行政中心西区停车场,120.889584,30.141083
78,山阴路，育才路-笛扬路停车位,育才路-笛扬路,120.475773,30.062439
79,柯桥派出所停车位,山阴路北侧,120.424399,30.108594
80,山阴路，笛扬路-明珠路停车位,笛扬路-明珠路,120.490536,30.07477
81,中国农业银行人行道停车位,笛扬路与山阴路西侧交叉口,120.501718,30.104442
81f5382207894e97865489f2ec949c6c,天汇广场停车场(出入口),柯桥区万商路182号宝驰天汇大厦,120.489505,30.0642
82,立新花园北区门口停车位,笛扬路-明珠路山阴路北侧,120.490536,30.07477
83,建筑管理局人行道（原建设局）停车位,笛扬路与山阴路东侧交叉口,120.502922,30.106175
84,电信营业厅人行道停车位,山阴路与明珠路东侧交叉口,120.491172,30.075086
84b7752d0db74032999e6cb670de9edb,行政中心东区停车场,柯桥区金柯桥大道行政中心东区停车场,120.48854,30.069628
85,中国银行人行道停车位,山阴路与明珠路西侧交叉口,120.491172,30.075086
86,明珠花园停车位,笛扬路-明珠路,120.490536,30.07477
87,山阴路，明珠路-金柯桥停车位,明珠路-金柯桥,120.490536,30.07477
88,运河路停车场,（运河路北侧鱼得水后面）,120.486783,30.064168
89,君亭大酒店外围临时停车场,东升路,120.749741,30.124936
891746bd7b474db7ab6d856337f3abe1,现代大厦停车场,柯桥区兴越路现代大厦,120.501167,30.083737
9,世纪星城停车场,华齐路-迎驾桥路，湖中路西侧,120.508425,30.099327
90,104国道外围公共停车位,金柯桥大道-笛扬路,120.597802,30.023009
91,恒8连锁酒店西停车场,104国道恒8连锁酒店西20米,120.495085,30.080032
91f8724aa9e64e70932cce0ba4742358,蓝天市心广场停车场,柯桥区笛扬路1396号蓝天市心广场,120.490744,30.086016
92,104国道新世界酒店停车场,笛扬路-育才路,120.865384,29.595475
93,104国道，笛扬路-育才路停车位,笛扬路-育才路,120.481852,30.080652
94,万商路瑞豪酒店门前辅车道公用车位,育才路-笛扬路,120.493223,30.088046
95,万商路辅车道公用车位,笛扬路步行街-金柯桥大道,120.479497,30.069771
96,万商路精品广场周边内外车场,笛扬路步行街-金柯桥大道,120.480439,30.068743
97,万商路锦麟天地地上停车场,笛扬路-浙纤路,120.500399,30.102534
98,浙纤路西铺道地上停车场,鉴湖路-万商路,120.481853,30.090102
99,浙纤路辅车道公共停车位,万商路-鉴湖路,120.482702,30.072422
999b00d9bd65444796c31063308de56e,环球大厦停车场,柯桥区裕民路1268号环球大厦,120.4977,30.089485
BXHYTCC,宝兴花园停车场,汇商路与支A路交汇处,120.618625,30.151775
CS000001,柯岩景区停车场,柯岩大道518号绍兴柯岩风景区附近,120.48057,30.044529
CZYLTCC,长江越领停车场,金柯桥大道以东，湖中路以西，迎驾桥路以南，华齐路以北,120.505457,30.099787
DMHZYTCC,大明翰泽苑停车场,湖东路大明翰泽苑,120.510917,30.08473
FCGGTCC,翡翠公馆停车场,群贤路与百舸路交叉口,120.51715,30.069809
GMSSTCC,光明澜山停车场,钱陶公路与育才路交叉口,120.510428,30.092546
GZLZTCC,瓜渚绿洲停车场,群贤路与湖东路交汇处,120.509079,30.074378
JCCYTCC,金昌诚园停车场,华齐路附近,120.50264,30.098363
JDZZCTCC,金地自在城停车场,柯桥区太平路106号附近,120.468483,30.091611
JHJYTCC,鉴湖景园停车场,兴越路1367号,120.50245,30.08627
JHJYTCC2,鉴湖景园A区停车场,兴越路1367号,120.506536,30.088334
JHLJTCC,金恒丽景停车场,瓜渚湖畔，东临玉兰花园,120.501785,30.078802
MNXQTCC,马弄小区停车场,八字桥附近,120.591561,29.999705
P3120000012,山阴路1（育才小区）停车场,山阴路1（育才小区）停车场,120.427623,30.107497
P3120000013,山阴路2（城市花园）停车场,山阴路城市花园,120.481055,30.079251
P3120000014,人和路停车场,人和路,120.496952,30.087275
P3120000015,温渎路1停车场,温渎路1,120.497151,30.087839
P3120000016,温渎路2停车场,温渎路2,120.496201,30.086353
P3120000017,万家巷停车场,建设支路,120.615014,30.092079
P3120000018,黄社溇路1停车场,黄社溇路1,120.495085,30.080032
P3120000019,黄社溇路2停车场,黄社溇路2,120.486552,30.085465
P3120000020,山阴路3（中医院）停车场,山阴路3（中医院）,120.427623,30.107497
P3120000021,山阴路4（明珠花园）停车场,山阴路4（明珠花园）,120.427623,30.107497
P3120000022,山阴路5（电信）停车场,山阴路5（电信）,120.427623,30.107497
P3120000024,山阴路7（望湖）停车场,山阴路7（望湖）停车场,120.427623,30.107497
P3120000027,金杨路3停车场,金杨路3,120.49088,30.073076
P3120000028,鉴湖路1（锦江花园）停车场,鉴湖路1（锦江花园）,120.480055,30.07336
P3120000029,鉴湖路2（锦江花园）停车场,鉴湖路2（锦江花园）,120.480055,30.07336
P3120000030,鉴湖路3停车场,鉴湖路3,120.491726,30.068013
P3120000031,鉴湖路4停车场,鉴湖路4,120.476562,30.076543
P3120000032,鉴湖路5（四大银行）停车场,鉴湖路5（四大银行）,120.453842,30.084492
P3120000033,港越路1(步行街1)停车场,港越路1(步行街1),120.489585,30.066137
P3120000034,港越路2（精工）停车场,港越路2（精工）,120.489663,30.066182
P3120000036,港越路4（肯德基）停车场,港越路4（肯德基）,120.493399,30.064157
P3120000037,港越路5（温州饭滩）停车场,港越路5（温州饭滩）,120.487689,30.067425
P3120000038,港越路6停车场,港越路6,120.481944,30.070404
P3120000039,笛扬路1（世纪联华）停车场,笛扬路1（世纪联华）,120.500399,30.102534
P3120000040,笛扬路2（广厦公寓）停车场,笛扬路2（广厦公寓）停车场,120.486095,30.077668
P3120000041,笛扬路3（樱花电器）停车场,笛扬路3（樱花电器）,120.500399,30.102534
P3120000042,笛扬路4（工商银行）停车场,笛扬路4（工商银行）,120.495085,30.080032
P3120000043,笛扬路5（中医院）停车场,笛扬路5（中医院）,120.500399,30.102534
P3120000045,笛扬路7（福年大厦）停车场,笛扬路7（福年大厦）,120.483265,30.073809
P3120000053,云集路1停车场,云集路1,120.532015,30.040139
P3120000055,云集路3停车场,云集路3,120.532015,30.040139
P3120000061,港越路2(精工2)停车场,港越路2(精工2)停车场,120.489663,30.066182
P3120000062,港越路1(步行街3)停车场,港越路1(步行街3),120.489585,30.066137
P3120000064,港越路1(步行街2)停车场,港越路1(步行街2),120.489585,30.066137
P3120000065,温渎路3停车场,温渎路3,120.496204,30.086378
QHMJTCC,清华名家停车场,西小江大桥,120.404823,30.129209
XYXQTCC,兴越小区停车场,育才路1007号,120.487479,30.088033
YMGLTCC,银马公寓停车场,湖西路735号,120.495085,30.080032
YPSJTCC,御品世家停车场,福全镇福全环岛东北角,120.523625,29.993875
ZCXLTCC,赞成香林停车场,柯桥街道镜水路赞成·香林,120.50712,30.067887
ZLYXQTCC,竹林苑小区停车场,永鉴线轻纺城供水公司对面,120.460331,30.053164
ZZLYTCC,小赭绿苑停车场,小佐路852号,120.454836,30.105625
c4b1cd039c294259ad99e962adcab294,货运集运点停车场,柯桥区云集路货运集运点停车场,120.494518,30.058829
d35676c3840d4e81b38f108a4b9e22f1,中国轻纺城联合市场停车场,柯桥区轻纺城大道联合市场,120.487637,30.059342
e34c89bed8c3475791d93893b4c4ee3e,坂湖公园泽国路停车场,柯桥区泽国路坂湖公园-停车场,120.469337,30.08773
eb352e6d85334825bbbc177819a2909f,绍兴中心医院停车场,柯桥区华宇路1号,120.495085,30.080032
f24a85dc36bc40f4a74b9282968143c2,绍兴市柯桥区妇幼保健院停车场,柯桥区柯岩大道西150米妇女儿童医院,120.479743,30.038728
f4b6736ac46b408892ee224ebc6b2dee,财智国际大厦停车场,柯桥区兴越路1577号财智国际大厦,120.496682,30.085885
