TCCBH,TCCMC,SZQX,TCCDZ,TCCLX,BWZS,KFMS,KFSJ,SFBZ,SYZT,JDZB,WDZB
047cdf25b0a148eea0590851f4f5264b,冀祥国际停车场,柯桥区,柯桥区湖东路与绸缎路交汇处冀祥国际,公共停车场,137,对外开放,24小时,"30分钟内(含30分钟)免费
30分钟-2小时:5元/辆/次
2小时-4小时:10元/辆/次
4小时-6小时:15元/辆/次
6小时-8小时:20元/辆/次
8小时-24小时:20元/辆/次
超过24小时的，超过部分按上述计时收费标准重新计算",启用,120.512096,30.102435
1,万和丽都停车位,柯桥区,华齐路-钱陶公路，湖东路东侧人行道里面,公共停车场,40,对外开放,全天,未知,启用,120.51289167798,30.092324235882
10,纳尼亚花园酒店停车场,柯桥区,迎驾桥路-华齐路，湖中路东侧（人行道）,公共停车场,96,对外开放,全天,未知,启用,120.50902488671,30.099229425619
100,鉴湖路，柯福路-金柯桥大道停车位,柯桥区,柯福路-金柯桥大道,公共停车场,38,对外开放,全天,未知,启用,120.48604331165,30.070505529454
101,港越路辅车道公共停车位,柯桥区,笛扬路-金柯桥大道,公共停车场,119,对外开放,全天,未知,启用,120.48545444181,30.068603867218
102,山阴路凯丽商务酒店门口停车位,柯桥区,山阴路,公共停车场,18,对外开放,全天,未知,启用,120.48655030387,30.076803745419
103,山阴路，笛扬路--明珠路停车位,柯桥区,笛扬路-明珠路,公共停车场,21,对外开放,全天,未知,启用,120.48932943328,30.075874605137
104,"山阴路,明珠路-金柯桥大道停车位",柯桥区,明珠路-金柯桥大道,公共停车场,21,对外开放,全天,未知,启用,120.4909122185,30.075224539815
105,鉴湖路，育才路-笛扬路停车位,柯桥区,育才路-笛扬路,公共停车场,24,对外开放,全天,未知,启用,120.48041920621,30.073658852641
106,鉴湖路，笛扬路-明珠路停车位,柯桥区,笛扬路-明珠路,公共停车场,15,对外开放,全天,未知,启用,120.48523590532,30.071089275397
107,鉴湖路，明珠路-金柯桥大道停车位,柯桥区,明珠路-金柯桥大道,公共停车场,14,对外开放,全天,未知,启用,120.48843424499,30.069453851354
108,金永泰大酒店旁边停车位,柯桥区,鉴湖路-育才路口,公共停车场,25,对外开放,全天,未知,启用,120.47779534369,30.074722641884
109,山阴路，育才路--笛扬路停车位,柯桥区,育才路-笛扬路,公共停车场,43,对外开放,全天,未知,启用,120.48233699703,30.078829104542
11,鲁越人家大酒店停车场,柯桥区,湖中路-湖东路，华齐路北侧,公共停车场,163,对外开放,全天,未知,启用,120.51077953032,30.096934009277
110,中医院外围车位,柯桥区,笛扬路-山阴路,公共停车场,68,对外开放,全天,未知,启用,120.48565965446,30.076873540144
111,中医院停车场,柯桥区,笛扬路-山阴路,公共停车场,250,对外开放,全天,未知,启用,120.48403564273,30.075505760318
112,金苹果足浴城外围车位,柯桥区,笛扬路,公共停车场,38,对外开放,全天,未知,启用,120.48289794614,30.073260585659
113,明珠广场文化馆停车场,柯桥区,金柯桥大道西侧明珠广场,公共停车场,81,对外开放,全天,未知,启用,120.49464863575,30.077259521896
114,图书馆停车位,柯桥区,图书馆前人行道,公共停车场,7,对外开放,全天,未知,启用,120.49188035331,30.077840190855
1144136ea68d41aea5135cde9581874b,坂湖公园钱陶公路1号停车场,柯桥区,柯桥区钱陶公路坂湖公园钱陶公路1号停车场,公共停车场,88,对外开放,24小时,"24小时收费
15分钟以内(含15分钟)不收费
4小时内5元；4-8小时10元；8-12小时15元；24小时最高限价20元
停车时间以4小时（含)为一次,不足4小时按4小时计，依次类推，封顶20元 
超过24小时停放重新计时收费",启用,120.472271,30.100774
115,博物馆停车位,柯桥区,博物馆周边,公共停车场,28,对外开放,全天,未知,启用,120.49229078318,30.07714466616
116,博物馆南侧停车场,柯桥区,博物馆南侧,公共停车场,35,对外开放,全天,未知,启用,120.49137775456,30.077916785308
117,笛扬路广厦公寓外停车位,柯桥区,震之堂前人行道上,公共停车场,12,对外开放,全天,未知,启用,120.48630018506,30.077602324904
118,笛扬路管宁小区前停车位,柯桥区,震之堂至管宁小区门前人行道,公共停车场,25,对外开放,全天,未知,启用,120.48713055011,30.078818834331
119,笛扬路世纪联华超市停车位,柯桥区,世纪联华超市至新江桥旁人行道,公共停车场,31,对外开放,全天,未知,启用,120.48822023407,30.080125975198
12,红星美凯龙西门停车场,柯桥区,华齐路-迎驾桥路，金柯桥大道东侧,公共停车场,107,对外开放,全天,未知,启用,120.50508297759,30.099914416435
120,群贤路王子宴会对面停车场,柯桥区,新开河北侧公园（笛扬-育才）,公共停车场,11,对外开放,全天,未知,启用,120.48648557199,30.083230107163
121,群贤路中和公园旁停车场,柯桥区,育才路-越仕路,公共停车场,28,对外开放,全天,未知,启用,120.48176793746,30.085836667149
122,群贤篮球场前停车位,柯桥区,柯华路-越仕路 （群贤游泳池边上）,公共停车场,34,对外开放,全天,未知,启用,120.48068542242,30.086886517771
123,群贤路北侧区公园停车场,柯桥区,笛扬路-金柯桥大道（区政府东侧金柯桥大道与群贤路交叉口）,公共停车场,100,对外开放,全天,未知,启用,120.49538783311,30.080267804912
124,群贤北侧区政府旁停车场,柯桥区,笛扬路-金柯桥大道,公共停车场,0,对外开放,全天,未知,启用,120.49536197065,30.080369463939
125,黄社溇路路上停车场,柯桥区,笛扬路-县府（天虹商场北侧）,公共停车场,43,对外开放,全天,未知,启用,120.49214146659,30.084158758211
126,黄社溇路路上停车位,柯桥区,育才路-笛扬路（兴越东区南侧马路）,公共停车场,50,对外开放,全天,未知,启用,120.4876742865,30.085912327436
127,黄社溇路人行道上停车位,柯桥区,育才路-笛扬路（领先国际北侧人行道）,公共停车场,49,对外开放,全天,未知,启用,120.48578543884,30.086511190397
128,昌隆•都市春天商业中心停车位,柯桥区,笛扬与兴越路交叉口,公共停车场,0,对外开放,全天,未知,启用,120.4908676105,30.087994341255
129,兴越农贸市场停车位,柯桥区,育才路-笛扬路,公共停车场,50,对外开放,全天,未知,启用,120.48915963558,30.088108276473
13,红星美凯龙北门停车场,柯桥区,湖中路-金柯桥大道迎驾桥路南侧,公共停车场,42,对外开放,全天,未知,启用,120.5064802639,30.100405268902
130,兴越南区外人行道停车位,柯桥区,兴越路南侧,公共停车场,0,对外开放,全天,未知,启用,120.48664541804,30.089018375842
131,裕民路华宇天庭外停车位,柯桥区,笛扬路-温渎路,公共停车场,0,对外开放,全天,未知,启用,120.4962491769,30.090863355338
132,国贸大厦外停车场,柯桥区,钱陶公路-裕民路,公共停车场,40,对外开放,全天,未知,启用,120.49924376694,30.091798735979
133,万国中心外停车位,柯桥区,钱陶公路-裕民路,公共停车场,100,对外开放,全天,未知,启用,120.50062708139,30.092033402081
134,永利大厦外A座停车场,柯桥区,钱陶公路-裕民路,公共停车场,600,对外开放,全天,未知,启用,120.50114366432,30.093589052135
135,永利大厦外B座停车场,柯桥区,钱陶公路（金柯桥大道-笛扬路）,公共停车场,0,对外开放,全天,未知,启用,120.49895258049,30.09394400974
136,轻纺城坯布市场停车场,柯桥区,华齐路北（金柯桥大道-笛扬路）,公共停车场,0,对外开放,全天,未知,启用,120.50364109753,30.098696343802
137,轻纺城体育场中心停车场,柯桥区,华齐路南（金柯桥大道-笛扬路）,公共停车场,315,对外开放,全天,未知,启用,120.50051052365,30.09895797906
138,蓝天商业广场地上停车场,柯桥区,群贤路与笛扬路交叉口,公共停车场,68,对外开放,全天,未知,启用,120.49059691414,30.082308301177
139,兴越路停车场,柯桥区,兴越路与金柯桥大道交叉口,公共停车场,58,对外开放,全天,未知,启用,120.49753396561,30.085297048856
14,迎驾桥南侧停车场,柯桥区,金柯桥大道-湖中路,公共停车场,28,对外开放,全天,未知,启用,120.50673107618,30.100438958443
140,大转盘土菜馆门口停车位,柯桥区,柯华路与鉴湖路交叉口人行道上,公共停车场,25,对外开放,全天,未知,启用,120.4831011873,30.061733559318
141,鉴湖路南侧建设银行前停车位,柯桥区,鉴湖路与育才路交叉口建设银行门口人行道上,公共停车场,9,对外开放,全天,未知,启用,120.47727604522,30.074765967315
142,育才路上海银行门口停车位,柯桥区,育才路与鉴湖路交叉口上海银行门口人行道上,公共停车场,24,对外开放,全天,未知,启用,120.47748229065,30.074915439195
143,育才路，鉴湖路至万商路停车位,柯桥区,鉴湖路至万商路车行道上,公共停车场,16,对外开放,全天,未知,启用,120.47687836638,30.074240058409
144,育才路东侧停车位,柯桥区,鉴湖路至万商路之间车行道上,公共停车场,14,对外开放,全天,未知,启用,120.47703887946,30.073425406561
145,鉴湖路南侧车行道停车位,柯桥区,育才路至浙纤路之间车行道上,公共停车场,30,对外开放,全天,未知,启用,120.47812323862,30.074337876226
146,鉴湖路南侧人行道停车位,柯桥区,育才路至浙纤路之间人行道上,公共停车场,24,对外开放,全天,未知,启用,120.47769615907,30.074546841261
147,万商路北侧停车位,柯桥区,育才路至车站路之间人行道上,公共停车场,44,对外开放,全天,未知,启用,120.47350890457,30.072397865418
148,零头布市场门口收费停车场,柯桥区,柯华路东侧（山阴路-鉴湖路）,公共停车场,150,对外开放,全天,未知,启用,120.47413290518,30.080128345926
149,柯华路与群贤路交叉口停车位,柯桥区,人行道上,公共停车场,50,对外开放,全天,未知,启用,120.47970856784,30.087902466472
15,红星美凯龙东门停车场,柯桥区,华齐路-迎驾桥路，金柯桥大道东侧,公共停车场,8,对外开放,全天,未知,启用,120.50508297759,30.099914416435
150,山阴路，柯华路至中泽路停车位,柯桥区,柯华路至中泽路车行道上,公共停车场,10,对外开放,全天,未知,启用,120.47152478169,30.077327247906
151,中泽路收费停车场,柯桥区,中泽路东侧,公共停车场,35,对外开放,全天,未知,启用,120.47673011958,30.080635517339
152,山阴路，中泽路至育才路停车位,柯桥区,中泽路至育才路车行道上,公共停车场,27,对外开放,全天,未知,启用,120.47539094609,30.075696121019
153,育才路中国银行门口停车位,柯桥区,育才路与鉴湖路交叉口中国银行门口人行道上,公共停车场,18,对外开放,全天,未知,启用,120.47707807837,30.075013583485
154,柯华路事业单位限时开放停车场,柯桥区,鉴湖路-万商路,公共停车场,40,对外开放,全天,未知,启用,120.46858075287,30.077238101155
155,育才路东侧停车场,柯桥区,育才路与万商路交叉口交通银行门口人行道上,公共停车场,14,对外开放,全天,未知,启用,120.47469999716,30.071601752211
156,万商路，浙纤路至育才路停车位,柯桥区,浙纤路至育才路之间人行道上,公共停车场,7,对外开放,全天,未知,启用,120.4777458371,30.070341882146
157,浪琴公馆售楼处门口停车位,柯桥区,车站路至柯华路浪琴公馆售楼处门口人行道上,公共停车场,10,对外开放,全天,未知,启用,120.46961875009,30.074738005012
158,柯华路东侧事业单位开放停车场,柯桥区,鉴湖路至山阴路之间,公共停车场,40,对外开放,全天,未知,启用,120.471426285,30.078529241407
159,柯华路东侧色港湾洗浴中心停车位,柯桥区,鉴湖路至山阴路之间金色港湾洗浴中心门口人行道上,公共停车场,22,对外开放,全天,未知,启用,120.47048617989,30.078423401259
16,建材市场南门停车场,柯桥区,金柯桥大道-湖中路，钱陶公路北侧,公共停车场,76,对外开放,全天,未知,启用,120.5063533331,30.093687467976
160,柯华路东侧停车位,柯桥区,鉴湖路至山阴路之间车行道上,公共停车场,15,对外开放,全天,未知,启用,120.47125107313,30.078807746237
161,柯华路西侧停车位,柯桥区,裕民路至兴越路之间之江学院门口人行道上,公共停车场,35,对外开放,全天,未知,启用,120.48372795799,30.091633842564
162,同乐鹅庄门口停车位,柯桥区,大坂风情与柯华路交叉口人行道上,公共停车场,40,对外开放,全天,未知,启用,120.48211917127,30.090027398826
163,坂湖明珠门口停车位,柯桥区,柯华路西侧人行道上,公共停车场,80,对外开放,全天,未知,启用,120.47571488822,30.082382581844
164,柯华路西侧彩虹桥门口停车位,柯桥区,彩虹桥门口人行道上,公共停车场,41,对外开放,全天,未知,启用,120.47417918993,30.080584133301
165,笛扬路东侧，兴越路-人和路停车位,柯桥区,兴越路-人和路,公共停车场,82,对外开放,全天,未知,启用,120.49316229939,30.088544785568
166,笛扬路东侧，笛扬路与裕民路停车位,柯桥区,笛扬路与裕民路交叉口,公共停车场,85,对外开放,全天,未知,启用,120.49460676409,30.091122908956
167,中国建设银行（笛扬路人行道）停车位,柯桥区,人利路-裕民路,公共停车场,43,对外开放,全天,未知,启用,120.49513193298,30.092063858352
168,星程酒店周围停车位,柯桥区,笛扬路与裕民路交叉口,公共停车场,40,对外开放,全天,未知,启用,120.49519264495,30.092673656987
169,新华书店门前人行道停车位,柯桥区,笛扬路与裕民路交叉口,公共停车场,7,对外开放,全天,未知,启用,120.49475908807,30.092684868384
17,沃德酒店地上停车场,柯桥区,金柯桥大道-湖中路，钱陶公路北侧,公共停车场,52,对外开放,全天,未知,启用,120.5077049442,30.093957837981
170,喜悦酒店地上停车场,柯桥区,笛扬路与裕民路交叉口（笛扬路西侧）,公共停车场,87,对外开放,全天,未知,启用,120.49306360734,30.090769607126
171,中海国际地面停车场,柯桥区,兴越路-裕民路（笛扬路西侧）,公共停车场,73,对外开放,全天,未知,启用,120.49189894235,30.088755256517
172,蓝天市心广场停车位,柯桥区,兴越路-黄社溇路（笛扬路西侧）,公共停车场,105,对外开放,全天,未知,启用,120.49049841906,30.087043628642
173,富丽华大酒店地面停车场,柯桥区,黄社溇路与笛扬路交叉口西侧,公共停车场,154,对外开放,全天,未知,启用,120.48950127323,30.084668142273
174,华联国际商贸城停车位,柯桥区,群贤路-黄社溇路（笛扬路西侧人行道）,公共停车场,246,对外开放,全天,未知,启用,120.48975217857,30.082975293549
175,沃德酒店地下停车场,柯桥区,钱陶公路入口,公共停车场,10,对外开放,全天,未知,启用,120.50770501362,30.093613855293
176,家纺市场停车场,柯桥区,金柯桥大道入口,公共停车场,900,对外开放,全天,未知,启用,120.50598103151,30.097238295279
177,万达广场停车场,柯桥区,湖中路东入口,公共停车场,992,对外开放,全天,未知,启用,120.50849509617,30.094481761598
178,迎驾桥入口，红星美凯龙停车场,柯桥区,迎驾桥入口,公共停车场,300,对外开放,全天,未知,启用,120.50648027183,30.100390270882
179,轻纺城大酒店停车场,柯桥区,鉴湖路入口,公共停车场,30,对外开放,全天,未知,启用,120.49242011309,30.067928406718
18,建材市场东门停车位,柯桥区,华齐路-钱陶公路，湖中路西侧,公共停车场,28,对外开放,全天,未知,启用,120.5074163499,30.093726406056
180,世贸中心停车场,柯桥区,钱陶公路入口,公共停车场,189,对外开放,全天,未知,启用,120.50355941787,30.091576330245
181,天马商务楼停车场,柯桥区,鉴湖路入口,公共停车场,43,对外开放,全天,未知,启用,120.49368988115,30.067458440709
182,清竹院停车场,柯桥区,百花路入口,公共停车场,100,对外开放,全天,未知,启用,120.49760499384,30.075466022986
183,北岸公园停车场,柯桥区,群贤路南入口,公共停车场,90,对外开放,全天,未知,启用,120.50322021706,30.076219183358
184,银马公寓小区停车场,柯桥区,群贤路北入口,公共停车场,139,对外开放,全天,未知,启用,120.50047168626,30.078812104272
185,联合市场停车场,柯桥区,金柯桥大道-湖西路，104国道北侧联合市场停车场,公共停车场,150,对外开放,全天,未知,启用,120.49054046605,30.059187311675
186,中国轻纺城展示中心停车场,柯桥区,金柯桥大道-湖西路，104国道北侧中国轻纺城展示中心地下停车场,公共停车场,258,对外开放,全天,未知,启用,120.49454795007,30.074303731021
187,北七区云集路停车场,柯桥区,云集路,公共停车场,138,对外开放,全天,未知,启用,120.49306856058,30.06214764418
187981c4afc44bdfb13afb140eaf240c,坂湖公园钱陶公路3号停车场,柯桥区,柯桥区钱陶公路与龙泽路交叉口西50米,公共停车场,27,对外开放,24小时,"24小时收费
15分钟以内(含15分钟)不收费
4小时内5元；4-8小时10元；8-12小时15元；24小时最高限价20元
停车时间以4小时（含)为一次,不足4小时按4小时计，依次类推，封顶20元 
超过24小时停放重新计时收费",启用,120.475388,30.099414
188,冠城国际商业中心鑫永涛超市停车场,柯桥区,彪佳路北侧，柯岩大道至金柯桥大道,公共停车场,100,对外开放,全天,未知,启用,120.4844571152,30.060909278393
189,东升路A区地下东门停车场,柯桥区,东升路,公共停车场,341,对外开放,全天,未知,启用,120.4844497412,30.061517397737
19,亲馨嘉园停车场,柯桥区,迎驾桥路-华齐路，双渎路东侧,公共停车场,112,对外开放,全天,未知,启用,120.51833629411,30.098560590168
190,鱼得水大酒店地下停车场,柯桥区,东升路,公共停车场,79,对外开放,全天,未知,启用,120.48314748164,30.063051024239
191,针织面料市场北3门地下停车场,柯桥区,东升路,公共停车场,102,对外开放,全天,未知,启用,120.48523553753,30.062223235902
192,老市场地下停车场,柯桥区,东升路,公共停车场,272,对外开放,全天,未知,启用,120.4830407549,30.062250510211
193,东升路市场B区停车场,柯桥区,东升路,公共停车场,258,对外开放,全天,未知,启用,120.48153134037,30.063010429562
194,万商路锦麟天地地下停车场,柯桥区,笛扬路-浙纤路,公共停车场,60,对外开放,全天,未知,启用,120.47911882639,30.069679469404
195,锦麟天地名苑地下停车场,柯桥区,笛扬路-浙纤路,公共停车场,120,对外开放,全天,未知,启用,120.47919694281,30.070950670616
196,蓝天商业中心地下停车场,柯桥区,群贤路与笛扬路交叉口,公共停车场,412,对外开放,全天,未知,启用,120.49042172592,30.083364668426
197,世纪联华停车场,柯桥区,笛扬路（山阴-群贤）管宁小区入口,公共停车场,40,对外开放,全天,未知,启用,120.48649909444,30.07979083918
198,越隆大厦停车场,柯桥区,黄社溇路北侧小路入口,公共停车场,105,对外开放,全天,未知,启用,120.49333598498,30.084169696107
199,开元曼居酒店停车场,柯桥区,黄社溇路北侧小路入口,公共停车场,40,对外开放,全天,未知,启用,120.49186847709,30.085098792873
1d7aa225cbc74b52a688fe73abd7b200,金汇大厦停车场,柯桥区,柯桥区温渎路161号金汇大厦,公共停车场,90,对外开放,24小时,"30分钟内(含30分钟)免费
30分钟至-4小时(含4小时)：5元/辆/次
4小时至-10小时(含10小时)：10元/辆/次
10小时至-13小时(含13小时)：15元/辆/次
13小时至-17小时(含17小时)：20元/辆/次
17-24小时:25元/辆/次
停车超过24小时的，超过部分按上述计时收费标准重新计算",启用,120.496851,30.08853
2,万达中心名宅停车场,柯桥区,湖中路-湖东路，华齐路南侧人行道里面,公共停车场,9,对外开放,全天,未知,启用,120.50881282374,30.097016612831
20,轻纺城小学新校址停车场,柯桥区,华齐路-迎驾桥路，双渎路东侧,公共停车场,19,对外开放,全天,未知,启用,120.51901293702,30.097265265558
200,时代广场停车场,柯桥区,金柯桥辅道（裕民-兴越路）,公共停车场,423,对外开放,全天,未知,启用,120.49939624882,30.089280209096
201,轻纺城游泳馆内体育中心停车场,柯桥区,华齐路入口,公共停车场,121,对外开放,全天,未知,启用,120.49541808367,30.10057005811
202,万国中心停车场,柯桥区,钱陶公路-裕民路,公共停车场,400,对外开放,全天,未知,启用,120.500269398,30.093190407857
204,华鑫大厦（星程酒店）停车场,柯桥区,笛扬路裕民路交叉口,公共停车场,64,对外开放,全天,未知,启用,120.49518467366,30.092661549804
205,天马君澜大酒店停车场,柯桥区,笛扬路与裕民路交叉口（笛扬路西侧）,公共停车场,115,对外开放,全天,未知,启用,120.49372452017,30.091744637783
206,喜悦酒店地下停车场,柯桥区,笛扬路与裕民路交叉口（笛扬路西侧）,公共停车场,97,对外开放,全天,未知,启用,120.49300280647,30.090327888116
207,中海国际地下停车场,柯桥区,兴越路-裕民路（笛扬路西侧）,公共停车场,198,对外开放,全天,未知,启用,120.49295695066,30.089721346559
208,蓝天市心广场地下停车场,柯桥区,黄社溇路-兴越路（笛扬路西侧）,公共停车场,370,对外开放,全天,未知,启用,120.48971503944,30.085710137883
209,银泰购物中心停车场,柯桥区,黄社溇路-兴越路（笛扬路东侧）,公共停车场,236,对外开放,全天,未知,启用,120.49322984655,30.086468539604
21,徐生记外婆菜门口停车场,柯桥区,华齐路-钱陶公路，湖东路西侧,公共停车场,25,对外开放,全天,未知,启用,120.51286823962,30.095132669854
22,万达广场东侧停车场,柯桥区,华齐路-钱陶公路，湖东路西侧,公共停车场,22,对外开放,全天,未知,启用,120.51315736395,30.092834210505
224071ffc88f455caa980abb477d23fb,瓜渚湖北岸公园停车场,柯桥区,柯桥区湖中路与群贤路交汇处北岸公园,公共停车场,115,对外开放,24小时,"小车:15分钟内免费；4小时内5元；4-8小时:10元；8-12小时:15元；24小时限价:20元
大车:15分钟内免费；4小时内10元；4-8小时20元；8-12小时30元；24小时限价30元
停车时间以4小时(含)为一次不足4小时按4小时计算，依次类推，封顶30元
超过24小时停放重新计费",启用,120.502875,30.076368
23,万达小区南门停车场,柯桥区,湖中路-湖东路（无名小路）,公共停车场,80,对外开放,全天,未知,启用,120.51287620062,30.095138819196
24,万达广场西侧停车场,柯桥区,华齐路-钱陶公路，湖中路东侧,公共停车场,68,对外开放,全天,未知,启用,120.50949771661,30.092480886576
25,龙景嘉苑停车位,柯桥区,镜水路-双渎路，华齐路南北侧,公共停车场,260,对外开放,全天,未知,启用,120.52135307532,30.095125679844
26,迎驾小区停车位,柯桥区,湖中路-湖东路，华齐路北侧,公共停车场,620,对外开放,全天,未知,启用,120.50995114216,30.099951954328
27,绍兴启辰停车位,柯桥区,湖东路-双渎路，钱陶公路北侧,公共停车场,20,对外开放,全天,未知,启用,120.5171522813,30.09137033218
28,蝶庄南门停车位,柯桥区,双渎路-湖东路，裕民路北侧道路上,公共停车场,20,对外开放,全天,未知,启用,120.51555707357,30.0861935887
29,蝶庄南停车位,柯桥区,双渎路-湖东路，裕民路北侧蝶庄门口人行道里,公共停车场,12,对外开放,全天,未知,启用,120.51501859265,30.086486753167
2bd5e00cabf4431aa65b9c8a4274e27b,玉兰国际停车场,柯桥区,柯桥区湖东路1108号玉兰国际写字楼,公共停车场,105,对外开放,24小时,"半小时以内(含半小时)免费
半小时至6小时内收费5元，依次累加
每24小时收费不超过20元，超过2小时按收费标准。累加收费",启用,120.5073,30.076382
2cb0ad05587244aeac10c23ed92bcb05,促进大厦停车场,柯桥区,柯桥区湖东路与绸缎路交汇处促进大厦,公共停车场,70,对外开放,24小时,"停车半小时免费
2小时以内5元
2-4小时(含4小时)10元
4-6小时(含6小时)15元
6-24小时20元",启用,120.512702,30.104046
30,迎丰小区东门停车场,柯桥区,裕民路-钱陶公路，湖中路西侧,公共停车场,134,对外开放,全天,未知,启用,120.51270256966,30.087799677027
30993d32031d47cbb98b4d14ae0a6443,蓝天商业停车场,柯桥区,柯桥区笛扬路蓝天商业中心,公共停车场,800,对外开放,24小时,"0.5小时内(含)免费
0.5-3小时内（含):5元/辆/次
3-4小时内(含):10元/辆次/次
4-8小时内(含)：15元/辆/次
8-12小时内(含)：20元/辆/次
12-24小时内(含)：30元/辆/次
超过24小时累计收费",启用,120.490751,30.082343
31,华齐路北侧，红星美凯龙东门停车场,柯桥区,金柯桥大道-湖中路，华齐路北侧,公共停车场,60,对外开放,全天,未知,启用,120.50711076516,30.099530191213
32,装饰材料市场停车场,柯桥区,华齐路-钱陶公路，湖中路西侧,公共停车场,133,对外开放,全天,未知,启用,120.50660394589,30.094663101371
33,北联窗帘布艺市场南门停车场,柯桥区,金柯桥大道-湖滨路，运河路灯杆号Y20161北侧五米,公共停车场,1190,对外开放,全天,未知,启用,120.49184250041,30.060594226179
34,运河路北市场八区停车位,柯桥区,金柯桥大道-湖滨路，运河路灯杆号Y20172北侧,公共停车场,105,对外开放,全天,未知,启用,120.48818328188,30.062715312997
35,北联窗帘布艺市场西侧停车场,柯桥区,万商路-运河路，无名路上运河路灯杆号Y20162北侧十米路边的停车位,公共停车场,63,对外开放,全天,未知,启用,120.48818328188,30.062715312997
36,新亚大酒店停车场,柯桥区,新亚大酒店附近,公共停车场,30,对外开放,全天,未知,启用,120.48943187461,30.061932560077
37,虹桥宾馆停车场,柯桥区,金柯桥大道-湖滨路，虹桥宾馆停车场,公共停车场,38,对外开放,全天,未知,启用,120.49110985154,30.058038794959
38,云集路，湖东路-湖西路停车位,柯桥区,湖东路-湖西路段,公共停车场,54,对外开放,全天,未知,启用,120.4921711708,30.062152248746
39,服装市场停车位,柯桥区,云集路鞋革城后方，湖西路-湖东路段,公共停车场,130,对外开放,全天,未知,启用,120.49963275878,30.057838040172
4,中国轻纺城家纺市场停车场,柯桥区,湖中路-金柯桥大道，华齐路南侧,公共停车场,19,对外开放,全天,未知,启用,120.50512978344,30.097681512137
40,服装市场南门停车场,柯桥区,云集路，湖东路-湖西路段,公共停车场,25,对外开放,全天,未知,启用,120.49877409882,30.057734263784
40316465c69847f19f1a1e2c5792c6f7,旺角中心停车场,柯桥区,柯桥区湖西路792号附近,公共停车场,170,对外开放,24小时,"临时停车:45分钟(含45分钟)免费
45分钟至3小时(含3小时)5元/辆/次
3小时至7小时(含7小时)10元/辆/次
7小时至12小时(含7小时)15元/辆/次
12小时至24小时(含24小时)20元/辆/次
中小型车停车超过24小时，超过部分按上述计时收费标准重新收费",启用,120.49751,30.075807
41,湖东路，云集路-104国道段停车位,柯桥区,云集路-104国道段,公共停车场,19,对外开放,全天,未知,启用,120.49965398631,30.056168994247
41269cced3f3427d84a4a77d09c36ff5,中国轻纺城家纺市场停车场,柯桥区,柯桥区金柯桥大道1639号,公共停车场,1400,对外开放,24小时,"2小时以内免费
之后，每6小时为1个计费周期增收5元，依此类推
当日封顶15元，次日按标准重新计费",启用,120.503653,30.095404
42,耶溪路，双梅路-镜水路停车位,柯桥区,双梅路-镜水路段,公共停车场,91,对外开放,全天,未知,启用,120.51399048498,30.061328634279
43,耶溪路北侧人行道停车位,柯桥区,双梅路-镜水路段,公共停车场,9,对外开放,全天,未知,启用,120.514772808,30.061280103812
44,绿洲路停车位,柯桥区,百舸路-镜水路段,公共停车场,21,对外开放,全天,未知,启用,120.51006067917,30.058005687891
45,农贸市场停车位,柯桥区,双梅路-镜水路段,公共停车场,32,对外开放,全天,未知,启用,120.51302640778,30.061730709731
46,轻纺大厦停车位,柯桥区,湖西路，万商路-港越路段,公共停车场,170,对外开放,全天,未知,启用,120.49163998408,30.063489718896
47,鉴湖路人行道停车位,柯桥区,金柯桥大道-湖西路段,公共停车场,37,对外开放,全天,未知,启用,120.49195640005,30.06790819143
48,鉴湖路车行道停车位,柯桥区,金柯桥大道-湖西路段,公共停车场,9,对外开放,全天,未知,启用,120.48667246163,30.067304667909
49,湖西路车行道停车位,柯桥区,万商路-港越路段,公共停车场,10,对外开放,全天,未知,启用,120.49206657678,30.064257579758
5,中国轻纺城服装市场停车场-进口,柯桥区,华齐路—钱陶公路，金柯桥大道东侧,公共停车场,130,对外开放,全天,未知,启用,120.50422619094,30.096925071621
50,农业银行停车位,柯桥区,金柯桥大道，鉴湖路-港越路段人行道,公共停车场,42,对外开放,全天,未知,启用,120.48991710234,30.068438503826
51,金昌商务大厦停车位,柯桥区,金柯桥大道，鉴湖路-港越路人行道,公共停车场,26,对外开放,全天,未知,启用,120.48939822625,30.067296524195
52,天汇宝驰大厦停车场,柯桥区,金柯桥大道，港越路-万商路,公共停车场,70,对外开放,全天,未知,启用,120.48874266219,30.066270658516
53,柯桥大道-古娄河车行道停车位,柯桥区,港越路，柯桥大道-古娄河车行道,公共停车场,40,对外开放,全天,未知,启用,120.48981631364,30.066284083675
54,古娄河-湖西路车行道停车位,柯桥区,港越路，古娄河-湖西路车行道,公共停车场,29,对外开放,全天,未知,启用,120.49187812224,30.065295737116
55,港越路，湖西路-湖滨路停车场,柯桥区,湖西路-湖滨路道路停车场,公共停车场,10,对外开放,全天,未知,启用,120.49279802105,30.064804071663
56,湖西路，鉴湖路-港越路停车场,柯桥区,湖西路，鉴湖路-港越路,公共停车场,10,对外开放,全天,未知,启用,120.49460865623,30.065078620559
57,湖西路，鉴湖路-港越路停车位,柯桥区,鉴湖路-港越路人行道上停车位,公共停车场,19,对外开放,全天,未知,启用,120.49353753585,30.066596365967
58,云集路，湖西路-湖东路停车场,柯桥区,湖西路-湖东路八区,公共停车场,95,对外开放,全天,未知,启用,120.49306857068,30.062157646694
59,耶溪路，百舸路-湖东路停车位,柯桥区,百舸路-湖东路人行道停车位,公共停车场,8,对外开放,全天,未知,启用,120.50928477707,30.063319176418
5beb751fe50843bba08499dde21d9e73,瓜渚湖东停车场,柯桥区,柯桥区湖东路与耶溪路交叉口西北50米东岸公园,公共停车场,56,对外开放,24小时,"小车:15分钟内免费；1-4小时5元；4-8小时:10元；8-12小时:15元；24小时限价:20元
客车:15分钟内免费；1-4小时10元；4-8小时20元；8-12小时30元；24小时限价40元",启用,120.507376,30.067478
5ec2fc317200433fbe2053e06165d81b,瓜渚湖·南岸公园停车场,柯桥区,柯桥区云集路329号南岸公园,公共停车场,100,对外开放,24小时,"小车:15分钟内免费；4小时内5元；4-8小时:10元；8-12小时:15元；24小时限价:20元
大车:15分钟内免费；4小时内20元；4-8小时40元；8-12小时45元；24小时限价50元
停车时间以4小时为1个计费单位，不足4小时按4小时计算，依此类推，当日最高限价30元，超过24小时重新计费",启用,120.495965,30.060807
6,中国轻纺城服装服饰(辅料)市场停车场(出入口),柯桥区,湖中路-金柯桥大道，华齐路北侧,公共停车场,123,对外开放,全天,未知,启用,120.50404478352,30.094360964545
60,百舸路，群贤路-青峰路停车位,柯桥区,群贤路-青峰路学校门口有人行道,公共停车场,33,对外开放,全天,未知,启用,120.51484682058,30.067710929161
61,百舸路，耶溪路-绿洲路停车位,柯桥区,耶溪路-绿洲路人行道停车位,公共停车场,67,对外开放,全天,未知,启用,120.50912345509,30.062239861672
62,湖东路，耶溪路-云集路停车场,柯桥区,耶溪路-云集路停车场,公共停车场,15,对外开放,全天,未知,启用,120.50566706525,30.060591465795
63,云集路南侧1号停车位,柯桥区,湖西路-湖东路停车位人行道内侧,公共停车场,60,对外开放,全天,未知,启用,120.49673126199,30.059101576209
64,湖东路，群贤路-耶溪路停车场,柯桥区,群贤路-耶溪路停车场,公共停车场,54,对外开放,全天,未知,启用,120.50874676379,30.073683123687
65,湖东路，云集路--104国道段停车位,柯桥区,云集路-104国道段,公共停车场,28,对外开放,全天,未知,启用,120.49947951261,30.055987123616
66,耶溪路，双梅路--镜水路停车位,柯桥区,双梅路-镜水路段,公共停车场,91,对外开放,全天,未知,启用,120.51502211226,30.06074256154
67,云集路，湖西路--湖东路停车场,柯桥区,湖西路-湖东路段,公共停车场,41,对外开放,全天,未知,启用,120.49673126199,30.059101576209
68,湖西路，鉴湖路--港越路停车位,柯桥区,鉴湖路-港越路道路停车位,公共停车场,33,对外开放,全天,未知,启用,120.49351477841,30.066777127045
69,双梅路，耶溪路-清风路停车位,柯桥区,耶溪路-清风路人行道停车位,公共停车场,19,对外开放,全天,未知,启用,120.51270064197,30.062420746221
6a93153990de4dc89e60b3c6bc329297,银泰百货绍兴柯桥店停车场,柯桥区,柯桥区笛扬路1531号银泰百货,公共停车场,600,对外开放,24小时,"30分钟内免费
超过30分钟至3小时以内收费10元
超过3小时每小时加收2元，以此类推",启用,120.493401,30.086427
6c2f3f8f7ca64779a009f58ea6c9b667,谢桥立体停车场,柯桥区,柯桥区湖滨路谢桥立体车库停车场,公共停车场,576,对外开放,7:30-19:00,"停车15分钟内免费
15分钟后按5元/车收费
服务时间:7:30-19:00,晚间禁止停车",启用,120.492028,30.057919
7,红星美凯龙国际家居生活广场停车场,柯桥区,湖中路-金柯桥大道，华齐路北侧,公共停车场,122,对外开放,全天,未知,启用,120.50554758872,30.098334154994
70,青峰路，百舸路-镜水路停车位,柯桥区,百舸路-镜水路人行道停车位,公共停车场,9,对外开放,全天,未知,启用,120.51451235528,30.066647528212
71,乔波滑雪馆停车场,柯桥区,春望路南侧，柯岩大道—柯南大道,公共停车场,174,对外开放,全天,未知,启用,120.47682250051,30.055320742465
72,越都名府停车场,柯桥区,柯岩大道西侧，柯南大道—春望路,公共停车场,33,对外开放,全天,未知,启用,120.48698197217,30.048924347849
73,柯岩风景区停车场,柯桥区,柯岩大道西侧，春望路—胜利西路,公共停车场,237,对外开放,全天,未知,启用,120.48162053553,30.04381117093
7326f94088094060834420096a673dfa,北联市场停车场,柯桥区,柯桥区湖西路96号中国轻纺城北联市场,公共停车场,1500,对外开放,6:30-1900,"停车15分钟以内免费
停车场服务时间:6:30-1900",启用,120.492865,30.060849
74,柯南大道供销超市停车场,柯桥区,柯南大道北侧，柯岩大道—梅泽路,公共停车场,34,对外开放,全天,未知,启用,120.48965599329,30.050426860465
75,阳光庭院停车场,柯桥区,柯南大道北侧，柯岩大道—梅泽路,公共停车场,65,对外开放,全天,未知,启用,120.4939761718,30.048132594999
76,梅墅水庄北侧停车位,柯桥区,柯南大道北侧，柯岩大道—梅泽路,公共停车场,25,对外开放,全天,未知,启用,120.49681040979,30.046813031302
77,山阴路，柯华路-育才路停车位,柯桥区,柯华路-育才路,公共停车场,16,对外开放,全天,未知,启用,120.47827999266,30.080375503168
775c926599fb440093879599da462885,行政中心西区停车场,柯桥区,柯桥区群贤路1675号行政中心西区停车场,公共停车场,102,对外开放,24小时,"小车5元/辆.次
120分钟内(含)不收费
停车时间以4小时（含)为一次
不足4小时按4小时计，依次类推",启用,120.493884,30.080398
78,山阴路，育才路-笛扬路停车位,柯桥区,育才路-笛扬路,公共停车场,18,对外开放,全天,未知,启用,120.48120167881,30.079226292049
79,柯桥派出所停车位,柯桥区,山阴路北侧,公共停车场,30,对外开放,全天,未知,启用,120.48329023791,30.078610622471
80,山阴路，笛扬路-明珠路停车位,柯桥区,笛扬路-明珠路,公共停车场,19,对外开放,全天,未知,启用,120.48636782771,30.077186674051
81,中国农业银行人行道停车位,柯桥区,笛扬路与山阴路西侧交叉口,公共停车场,15,对外开放,全天,未知,启用,120.48571288019,30.077351903215
81f5382207894e97865489f2ec949c6c,天汇广场停车场(出入口),柯桥区,柯桥区万商路182号宝驰天汇大厦,公共停车场,560,对外开放,24小时,"15分钟内免受停车费
每6小时为一计费周期收费5元/辆
15分钟以内免受停车费，不足6小时按6小时计
当日收费15元封顶，次日按标准重新计费
只收现金",启用,120.489088,30.065798
82,立新花园北区门口停车位,柯桥区,笛扬路-明珠路山阴路北侧,公共停车场,21,对外开放,全天,未知,启用,120.48917784731,30.075996298788
83,建筑管理局人行道（原建设局）停车位,柯桥区,笛扬路与山阴路东侧交叉口,公共停车场,14,对外开放,全天,未知,启用,120.48622305904,30.077206803148
84,电信营业厅人行道停车位,柯桥区,山阴路与明珠路东侧交叉口,公共停车场,8,对外开放,全天,未知,启用,120.49080560585,30.075391486949
84b7752d0db74032999e6cb670de9edb,行政中心东区停车场,柯桥区,柯桥区金柯桥大道行政中心东区停车场,公共停车场,148,对外开放,24小时,"小车5元/辆.次
120分钟内(含)不收费
停车时间以4小时（含)为一次
不足4小时按4小时计，依次类推",启用,120.496303,30.080574
85,中国银行人行道停车位,柯桥区,山阴路与明珠路西侧交叉口,公共停车场,25,对外开放,全天,未知,启用,120.49045555408,30.075502024747
86,明珠花园停车位,柯桥区,笛扬路-明珠路,公共停车场,19,对外开放,全天,未知,启用,120.48973354,30.075899242971
87,山阴路，明珠路-金柯桥停车位,柯桥区,明珠路-金柯桥,公共停车场,27,对外开放,全天,未知,启用,120.49122446911,30.075305773435
88,运河路停车场,柯桥区,（运河路北侧鱼得水后面）,公共停车场,100,对外开放,全天,未知,启用,120.48336963107,30.063373797094
89,君亭大酒店外围临时停车场,柯桥区,东升路,公共停车场,30,对外开放,全天,未知,启用,120.48525050552,30.062210308269
891746bd7b474db7ab6d856337f3abe1,现代大厦停车场,柯桥区,柯桥区兴越路现代大厦,公共停车场,305,对外开放,24小时,"一小时内(含一小时):免费
一小时至二小时(含二小时)：5元/辆/次
二小时至四小时(含四小时):10元/辆/次
四小时至七小时(含七小时):15元/辆/次
七小时至二十四小时(含二十四小时)：20元/辆/次
停车超过24小时的，超过部分按上诉计时收费标准重新计算",启用,120.500069,30.08451
9,世纪星城停车场,柯桥区,华齐路-迎驾桥路，湖中路西侧,公共停车场,77,对外开放,全天,未知,启用,120.50814398826,30.099360704762
90,104国道外围公共停车位,柯桥区,金柯桥大道-笛扬路,公共停车场,22,对外开放,全天,未知,启用,120.48087571175,30.063200758059
91,恒8连锁酒店西停车场,柯桥区,104国道恒8连锁酒店西20米,公共停车场,24,对外开放,全天,未知,启用,120.47960261074,30.064056791192
91f8724aa9e64e70932cce0ba4742358,蓝天市心广场停车场,柯桥区,柯桥区笛扬路1396号蓝天市心广场,公共停车场,340,对外开放,24小时,"0.5小时内(含)免费
0.5-小时内（含):5元/辆/次
2-4小时内(含):10元/辆次/次
4-8小时内(含)：15元/辆/次
8-12小时内(含)：20元/辆/次
12-24小时内(含)：30元/辆/次
超过24小时累计收费",启用,120.490628,30.08678
92,104国道新世界酒店停车场,柯桥区,笛扬路-育才路,公共停车场,200,对外开放,全天,未知,启用,120.47675803561,30.066914875167
93,104国道，笛扬路-育才路停车位,柯桥区,笛扬路-育才路,公共停车场,17,对外开放,全天,未知,启用,120.47757262916,30.064844016592
94,万商路瑞豪酒店门前辅车道公用车位,柯桥区,育才路-笛扬路,公共停车场,5,对外开放,全天,未知,启用,120.47591376197,30.070811887225
95,万商路辅车道公用车位,柯桥区,笛扬路步行街-金柯桥大道,公共停车场,32,对外开放,全天,未知,启用,120.48709723773,30.065712102344
96,万商路精品广场周边内外车场,柯桥区,笛扬路步行街-金柯桥大道,公共停车场,240,对外开放,全天,未知,启用,120.48672441809,30.065261527259
97,万商路锦麟天地地上停车场,柯桥区,笛扬路-浙纤路,公共停车场,15,对外开放,全天,未知,启用,120.47919694281,30.070950670616
98,浙纤路西铺道地上停车场,柯桥区,鉴湖路-万商路,公共停车场,29,对外开放,全天,未知,启用,120.47905921391,30.071312879741
99,浙纤路辅车道公共停车位,柯桥区,万商路-鉴湖路,公共停车场,77,对外开放,全天,未知,启用,120.4785551538,30.070256301685
999b00d9bd65444796c31063308de56e,环球大厦停车场,柯桥区,柯桥区裕民路1268号环球大厦,公共停车场,50,对外开放,24小时,"时段一:7:00-24:00收费标准
一、30分钟以内(含30分钟)免费；
二、1小时收费5元/辆
三、2小时收费10元/辆 
四、3小时收费15元/辆
五、4小时以上含4小时，收费20元/辆；
时段二:24:00-7:00免费
次日7:00以前必须离开，否则按时段一收费",启用,120.497746,30.089328
BXHYTCC,宝兴花园停车场,柯桥区,汇商路与支A路交汇处,公共停车场,20,对外开放,全天,未知,启用,120.61947407798,30.150129208598
CS000001,柯岩景区停车场,柯桥区,柯岩大道518号绍兴柯岩风景区附近,公共停车场,100,对外开放,全天,未知,启用,120.47920634795,30.044675522673
CZYLTCC,长江越领停车场,柯桥区,金柯桥大道以东，湖中路以西，迎驾桥路以南，华齐路以北,公共停车场,30,对外开放,全天,未知,启用,120.50787777722,30.098184792103
DMHZYTCC,大明翰泽苑停车场,柯桥区,湖东路大明翰泽苑,公共停车场,100,对外开放,全天,未知,启用,120.51226932072,30.086050439513
FCGGTCC,翡翠公馆停车场,柯桥区,群贤路与百舸路交叉口,公共停车场,20,对外开放,全天,未知,启用,120.51541516765,30.070991026469
GMSSTCC,光明澜山停车场,柯桥区,钱陶公路与育才路交叉口,公共停车场,20,对外开放,全天,未知,启用,120.49522128815,30.097289745667
GZLZTCC,瓜渚绿洲停车场,柯桥区,群贤路与湖东路交汇处,公共停车场,30,对外开放,全天,未知,启用,120.51403484211,30.075169349681
JCCYTCC,金昌诚园停车场,柯桥区,华齐路附近,公共停车场,20,对外开放,全天,未知,启用,120.50720164464,30.096381200156
JDZZCTCC,金地自在城停车场,柯桥区,柯桥区太平路106号附近,公共停车场,20,对外开放,全天,未知,启用,120.46814780945,30.095188645621
JHJYTCC,鉴湖景园停车场,柯桥区,兴越路1367号,公共停车场,100,对外开放,全天,未知,启用,120.50319029264,30.084247559491
JHJYTCC2,鉴湖景园A区停车场,柯桥区,兴越路1367号,公共停车场,20,对外开放,全天,未知,启用,120.50501743431,30.085814709621
JHLJTCC,金恒丽景停车场,柯桥区,瓜渚湖畔，东临玉兰花园,公共停车场,30,对外开放,全天,未知,启用,120.50195375931,30.079506385041
MNXQTCC,马弄小区停车场,柯桥区,八字桥附近,公共停车场,15,对外开放,全天,未知,启用,120.58980892495,29.998082692777
P3120000012,山阴路1（育才小区）停车场,柯桥区,山阴路1（育才小区）停车场,道路停车场,26,对外开放,全天,未知,启用,120.47918713867,30.080040226957
P3120000013,山阴路2（城市花园）停车场,柯桥区,山阴路城市花园,道路停车场,28,对外开放,全天,未知,启用,120.48247479648,30.078608387509
P3120000014,人和路停车场,柯桥区,人和路,道路停车场,19,对外开放,全天,未知,启用,120.49493370152,30.088685230028
P3120000015,温渎路1停车场,柯桥区,温渎路1,道路停车场,21,对外开放,全天,未知,启用,120.49616533755,30.087300134071
P3120000016,温渎路2停车场,柯桥区,温渎路2,道路停车场,15,对外开放,全天,未知,启用,120.49689586872,30.089323698537
P3120000017,万家巷停车场,柯桥区,建设支路,道路停车场,40,对外开放,全天,未知,启用,120.48603675985,30.084974537635
P3120000018,黄社溇路1停车场,柯桥区,黄社溇路1,道路停车场,16,对外开放,全天,未知,启用,120.49035431616,30.084797113633
P3120000019,黄社溇路2停车场,柯桥区,黄社溇路2,道路停车场,18,对外开放,全天,未知,启用,120.48929586372,30.08520035188
P3120000020,山阴路3（中医院）停车场,柯桥区,山阴路3（中医院）,道路停车场,26,对外开放,全天,未知,启用,120.48541626134,30.077326314576
P3120000021,山阴路4（明珠花园）停车场,柯桥区,山阴路4（明珠花园）,道路停车场,31,对外开放,全天,未知,启用,120.4897483469,30.075665340802
P3120000022,山阴路5（电信）停车场,柯桥区,山阴路5（电信）,道路停车场,21,对外开放,全天,未知,启用,120.49123225281,30.075027808148
P3120000024,山阴路7（望湖）停车场,柯桥区,山阴路7（望湖）停车场,道路停车场,30,对外开放,全天,未知,启用,120.49523213123,30.073583696722
P3120000025,金杨路1（中医院）停车场,柯桥区,金杨路1（中医院）,道路停车场,28,对外开放,全天,未知,启用,120.48663273836,30.074692918714
P3120000027,金杨路3停车场,柯桥区,金杨路3,道路停车场,28,对外开放,全天,未知,启用,120.49095654916,30.073126621535
P3120000028,鉴湖路1（锦江花园）停车场,柯桥区,鉴湖路1（锦江花园）,道路停车场,29,对外开放,全天,未知,启用,120.47893243874,30.074180583787
P3120000029,鉴湖路2（锦江花园）停车场,柯桥区,鉴湖路2（锦江花园）,道路停车场,21,对外开放,全天,未知,启用,120.4798852573,30.073717839431
P3120000030,鉴湖路3停车场,柯桥区,鉴湖路3,道路停车场,12,对外开放,全天,未知,启用,120.48496233281,30.071197956806
P3120000031,鉴湖路4停车场,柯桥区,鉴湖路4,道路停车场,27,对外开放,全天,未知,启用,120.487512422,30.069930947591
P3120000032,鉴湖路5（四大银行）停车场,柯桥区,鉴湖路5（四大银行）,道路停车场,16,对外开放,全天,未知,启用,120.49145390513,30.068058775217
P3120000033,港越路1(步行街1)停车场,柯桥区,港越路1(步行街1),道路停车场,14,对外开放,全天,未知,启用,120.48230086257,30.070271508955
P3120000034,港越路2（精工）停车场,柯桥区,港越路2（精工）,道路停车场,12,对外开放,全天,未知,启用,120.48605632974,30.068300128693
P3120000036,港越路4（肯德基）停车场,柯桥区,港越路4（肯德基）,道路停车场,21,对外开放,全天,未知,启用,120.48940544236,30.066487404423
P3120000037,港越路5（温州饭滩）停车场,柯桥区,港越路5（温州饭滩）,道路停车场,22,对外开放,全天,未知,启用,120.48826442494,30.06710398353
P3120000038,港越路6停车场,柯桥区,港越路6,道路停车场,16,对外开放,全天,未知,启用,120.49124601244,30.065491000659
P3120000039,笛扬路1（世纪联华）停车场,柯桥区,笛扬路1（世纪联华）,道路停车场,31,对外开放,全天,未知,启用,120.48793068793,30.079917724586
P3120000040,笛扬路2（广厦公寓）停车场,柯桥区,笛扬路2（广厦公寓）停车场,道路停车场,37,对外开放,全天,未知,启用,120.48709254498,30.078692559021
P3120000041,笛扬路3（樱花电器）停车场,柯桥区,笛扬路3（樱花电器）,道路停车场,18,对外开放,全天,未知,启用,120.48806035863,30.079754692193
P3120000042,笛扬路4（工商银行）停车场,柯桥区,笛扬路4（工商银行）,道路停车场,23,对外开放,全天,未知,启用,120.48677266387,30.077971337314
P3120000043,笛扬路5（中医院）停车场,柯桥区,笛扬路5（中医院）,道路停车场,34,对外开放,全天,未知,启用,120.48546069922,30.076528424116
P3120000044,笛扬路6（柯水园）停车场,柯桥区,笛扬路6（柯水园）,道路停车场,30,对外开放,全天,未知,启用,120.48416397236,30.074733131966
P3120000045,笛扬路7（福年大厦）停车场,柯桥区,笛扬路7（福年大厦）,道路停车场,22,对外开放,全天,未知,启用,120.48316488486,30.0734323896
P3120000053,云集路1停车场,柯桥区,云集路1,道路停车场,10,对外开放,全天,未知,启用,120.49704986725,30.0588811923
P3120000055,云集路3停车场,柯桥区,云集路3,道路停车场,29,对外开放,全天,未知,启用,120.498842925,30.057831374182
P3120000061,港越路2(精工2)停车场,柯桥区,港越路2(精工2)停车场,道路停车场,21,对外开放,全天,未知,启用,120.48445712223,30.06914523437
P3120000062,港越路1(步行街3)停车场,柯桥区,港越路1(步行街3),道路停车场,16,对外开放,全天,未知,启用,120.48398484447,30.069416378671
P3120000064,港越路1(步行街2)停车场,柯桥区,港越路1(步行街2),道路停车场,26,对外开放,全天,未知,启用,120.48363432332,30.069594136395
P3120000065,温渎路3停车场,柯桥区,温渎路3,道路停车场,11,对外开放,全天,未知,启用,120.49719975387,30.090100179666
P3120000068,港越路3（精工）停车场,柯桥区,港越路3（精工）,道路停车场,23,对外开放,全天,未知,启用,120.48721388365,30.067651347351
QHMJTCC,清华名家停车场,柯桥区,西小江大桥,公共停车场,20,对外开放,全天,未知,启用,120.39931853377,30.129245962327
XYXQTCC,兴越小区停车场,柯桥区,育才路1007号,公共停车场,200,对外开放,全天,未知,启用,120.48438732045,30.09160640626
YMGLTCC,银马公寓停车场,柯桥区,湖西路735号,公共停车场,20,对外开放,全天,未知,启用,120.50072861376,30.078816400536
YPSJTCC,御品世家停车场,柯桥区,福全镇福全环岛东北角,公共停车场,20,对外开放,全天,未知,启用,120.5178302269,29.993913180479
ZCXLTCC,赞成香林停车场,柯桥区,柯桥街道镜水路赞成·香林,公共停车场,30,对外开放,全天,未知,启用,120.51796168078,30.083684279974
ZLYXQTCC,竹林苑小区停车场,柯桥区,永鉴线轻纺城供水公司对面,公共停车场,30,对外开放,全天,未知,启用,120.46375880345,30.05929231123
ZZLYTCC,小赭绿苑停车场,柯桥区,小佐路852号,公共停车场,20,对外开放,全天,未知,启用,120.45519242067,30.105431975535
c4b1cd039c294259ad99e962adcab294,货运集运点停车场,柯桥区,柯桥区云集路货运集运点停车场,公共停车场,121,对外开放,8:00-24:00,"15分钟内免费
12小时内:5元
12-24小时:10元
每12小时为一个计费周期，不足12小时按12小时计，以此类推，24小时最高收取停车费10元/辆
停车场使用时间为8:00-24:00，停车场在24:00-8:00期间不对外开放",启用,120.494587,30.059029
d35676c3840d4e81b38f108a4b9e22f1,中国轻纺城联合市场停车场,柯桥区,柯桥区轻纺城大道联合市场,公共停车场,1310,对外开放,24小时,"15分钟以内免费
每4小时为一个计费周期，每个计费周期收费5元/辆
不足四小时的按四小时计，以此类推",启用,120.490188,30.059502
e34c89bed8c3475791d93893b4c4ee3e,坂湖公园泽国路停车场,柯桥区,柯桥区泽国路坂湖公园-停车场,公共停车场,35,对外开放,24小时,"24小时收费
15分钟以内(含15分钟)不收费
4小时内5元；4-8小时10元；8-12小时15元；24小时最高限价20元
停车时间以4小时（含)为一次,不足4小时按4小时计，依次类推，封顶20元 
超过24小时停放重新计时收费",启用,120.469385,30.087537
eb352e6d85334825bbbc177819a2909f,绍兴中心医院停车场,柯桥区,柯桥区华宇路1号,公共停车场,960,对外开放,24小时,"1小时以内不收费
1小时以上2小时以内，收费5元/次，大车收费10元/次，摩托车2元/辆.次。之后每2小时分别加收5元，10元，2元，不足2小时按2小时计，依此类推
备注:如非临时停车，因正当原因(如陪护病人)需长期停车，待离开时，费用一律20元。",启用,120.49846,30.081229
f24a85dc36bc40f4a74b9282968143c2,绍兴市柯桥区妇幼保健院停车场,柯桥区,柯桥区柯岩大道西150米妇女儿童医院,公共停车场,820,对外开放,24小时,"1小时以内不收费
1小时以上4小时以内，收费5元/次
4小时以上8小时以内，收费10元/次
8小时以上24小时以内，收费15元/次
以此类推",启用,120.479593,30.038068
f4b6736ac46b408892ee224ebc6b2dee,财智国际大厦停车场,柯桥区,柯桥区兴越路1577号财智国际大厦,公共停车场,61,对外开放,24小时,"1小时内(含1小时）免费
1-2小时(含2小时)：5元/辆/次
2-5小时(含5小时):10元/辆/次
5-10小时(含10小时):10元/辆/次
10-24小时(含10小时):20元/辆/次
超过24小时:累计计时",启用,120.496534,30.085875
