TCCBH,TCCMC,SZQX,TCCDZ,TCCLX,GLDW,BWZS,KFMS,KFSJ,SFBZ,SYZT,JDZB,WDZB
1012312268YD5WN09GPVL,八一横路（暨阳路-无名路）,诸暨市,浙江省绍兴市诸暨市八一横路46号,公共停车场,诸暨市建设集团,46,收费,08:00-20:00,30分钟内免费，以1小时为一个计时单位；每个计时单位4元。每自然日单次最高收费40元。,启用,120.247346,29.727900
1012312268YDHM7XGW3Y9,艮塔东路（滨江北路-江东路),诸暨市,浙江省绍兴市诸暨市艮塔东路8号,公共停车场,诸暨市建设集团,33,收费,08:00-20:00,30分钟内免费，以1小时为一个计时单位；每个计时单位4元。每自然日单次最高收费40元。,启用,120.253571,29.722313
1012312288YR3EFRI1BSX,滨江南路（滨江支路-浣东中路）,诸暨市,浙江省绍兴市诸暨市滨江南路17,公共停车场,诸暨市建设集团,64,收费,08:00-20:00,30分钟内免费，以1小时为一个计时单位；每个计时单位4元。每自然日单次最高收费40元。,启用,120.244490,29.714176
1012312288YR3IHRSDDZ5,滨江南路（大桥东路-西施大街）,诸暨市,浙江省绍兴市诸暨市滨江南路3号,公共停车场,诸暨市建设集团,13,收费,08:00-20:00,30分钟内免费，以1小时为一个计时单位；每个计时单位4元。每自然日单次最高收费40元。,启用,120.245424,29.717512
1012312288YR3MBVY988X,东兴北路（江东路-福门路）,诸暨市,浙江省绍兴市诸暨市东兴北路,公共停车场,诸暨市建设集团,19,收费,08:00-19:00,以1小时为一个计时单位；第一个计时单位2元，第二个计时单位起每个计时单位3元。每自然日单次最高收费25元。,启用,120.257192,29.724462
1012312288YR53DTVACCH,滨江南路（西施大街-滨江支路）,诸暨市,浙江省绍兴市诸暨市滨江南路11号,公共停车场,诸暨市建设集团,33,收费,08:00-20:00,30分钟内免费，以1小时为一个计时单位；每个计时单位4元。每自然日单次最高收费40元。,启用,120.244966,29.716136
1012312288YR57VMEIUBL,大桥东路（大桥东路9号-江东路）,诸暨市,浙江省绍兴市诸暨市大桥东路6号,公共停车场,诸暨市建设集团,34,收费,08:00-20:00,30分钟内免费，以1小时为一个计时单位；每个计时单位4元。每自然日单次最高收费40元。,启用,120.246748,29.717553
1012312288YR5B22720W1,大桥东路（江东路-五角广场）,诸暨市,浙江省绍兴市诸暨市大桥东路86号,公共停车场,诸暨市建设集团,58,收费,08:00-20:00,30分钟内免费，以1小时为一个计时单位；每个计时单位4元。每自然日单次最高收费40元。,启用,120.247781,29.716471
1012312288YR5F42HE329,红旗路（人民中路-浣纱中路）,诸暨市,浙江省绍兴市诸暨市红旗路28号,公共停车场,诸暨市建设集团,16,收费,08:00-20:00,30分钟内免费，以1小时为一个计时单位；每个计时单位4元。每自然日单次最高收费40元。,启用,120.242651,29.719749
1012312288YR5JPT2UOZL,东兴路（苎萝东路-东二路）,诸暨市,浙江省绍兴市诸暨市东兴路44号,公共停车场,诸暨市建设集团,62,收费,08:00-20:00,30分钟内免费，以1小时为一个计时单位；每个计时单位4元。每自然日单次最高收费40元。,启用,120.260957,29.709217
1012312288YR5NVRFEV41,东安路(东二路-苎萝东路),诸暨市,浙江省绍兴市诸暨市东安路,公共停车场,诸暨市建设集团,6,收费,08:00-20:00,30分钟内免费，以1小时为一个计时单位；每个计时单位4元。每自然日单次最高收费40元。,启用,120.259183,29.709644
1012312288YR5RTTNITC1,艮塔东路（江东路-高湖路）,诸暨市,浙江省绍兴市诸暨市艮塔东路28-3号,公共停车场,诸暨市建设集团,39,收费,08:00-20:00,30分钟内免费，以1小时为一个计时单位；每个计时单位4元。每自然日单次最高收费40元。,启用,120.254981,29.720568
1012312288YR5UKH75K3L,艮塔东路（东二路-东一路),诸暨市,浙江省绍兴市诸暨市艮塔东路103号,公共停车场,诸暨市建设集团,101,收费,08:00-20:00,30分钟内免费，以1小时为一个计时单位；每个计时单位4元。每自然日单次最高收费40元。,启用,120.257022,29.713157
1012312288YR5XYT44YKH,艮塔东路（苎萝东路-东二路）,诸暨市,浙江省绍兴市诸暨市艮塔东路155号,公共停车场,诸暨市建设集团,142,收费,08:00-20:00,30分钟内免费，以1小时为一个计时单位；每个计时单位4元。每自然日单次最高收费40元。,启用,120.257563,29.709476
1012312288YR61OZ7SOW1,浣纱中路（南屏路-西施大街）,诸暨市,浙江省绍兴市诸暨市浣纱中路51号,公共停车场,诸暨市建设集团,14,收费,08:00-20:00,30分钟内免费，以1小时为一个计时单位；每个计时单位4元。每自然日单次最高收费40元。,启用,120.243011,29.716155
1012312288YR64NIVVNK1,浣纱中路（西施大街-大桥东路）,诸暨市,浙江省绍兴市诸暨市浣纱中路24号,公共停车场,诸暨市建设集团,23,收费,08:00-20:00,30分钟内免费，以1小时为一个计时单位；每个计时单位4元。每自然日单次最高收费40元。,启用,120.244028,29.719126
1012312288YR68DOZJDVL,体育路（体育路二弄-红旗路）,诸暨市,浙江省绍兴市诸暨市体育路26号,公共停车场,诸暨市建设集团,12,收费,08:00-20:00,30分钟内免费，以1小时为一个计时单位；每个计时单位4元。每自然日单次最高收费40元。,启用,120.243515,29.720643
1012312288YR6C3V37475,体育路（体育路-大桥东路）,诸暨市,浙江省绍兴市诸暨市体育路3-4号,公共停车场,诸暨市建设集团,8,收费,08:00-20:00,30分钟内免费，以1小时为一个计时单位；每个计时单位4元。每自然日单次最高收费40元。,启用,120.244442,29.721432
1012312288YR6EYGP1YWX,万风新世界（暨阳路-上庄路）,诸暨市,浙江省绍兴市诸暨市,公共停车场,诸暨市建设集团,20,收费,08:00-20:00,30分钟内免费，以1小时为一个计时单位；每个计时单位4元。每自然日单次最高收费40元。,启用,120.270450,29.708788
1012312288YR6IWIX5X4X,苎萝东路（东二环路-东旺路）,诸暨市,浙江省绍兴市诸暨市苎萝东路,公共停车场,诸暨市建设集团,18,收费,08:00-20:00,30分钟内免费，以1小时为一个计时单位；每个计时单位4元。每自然日单次最高收费40元。,启用,120.274226,29.706270
1012312288YR6SFUARGU9,东祥路19弄（东祥路-环城东路）,诸暨市,浙江省绍兴市诸暨市东一路68弄,公共停车场,诸暨市建设集团,12,收费,08:00-20:00,30分钟内免费，以1小时为一个计时单位；每个计时单位4元。每自然日单次最高收费40元。,启用,120.267380,29.713536
1012312288YR751NEO35T,东祥路（东二路-苎萝东路）,诸暨市,浙江省绍兴市诸暨市东祥路,公共停车场,诸暨市建设集团,38,收费,08:00-20:00,30分钟内免费，以1小时为一个计时单位；每个计时单位4元。每自然日单次最高收费40元。,启用,120.268595,29.708916
1012312288YR79Z86T0XT,暨东路70弄（东一路-东旺路218弄）,诸暨市,浙江省绍兴市诸暨市暨东路70弄,公共停车场,诸暨市建设集团,32,收费,08:00-20:00,30分钟内免费，以1小时为一个计时单位；每个计时单位4元。每自然日单次最高收费40元。,启用,120.273920,29.716720
1012312288YR7CTTSNVNL,苎萝东路（环城东路-东兴路）,诸暨市,浙江省绍兴市诸暨市苎萝东路116号,公共停车场,诸暨市建设集团,86,收费,08:00-20:00,30分钟内免费，以1小时为一个计时单位；每个计时单位4元。每自然日单次最高收费40元。,启用,120.263155,29.706886
1012312288YR7HFKE4HKX,西施大街（浣纱中路-人民中路）,诸暨市,浙江省绍兴市诸暨市西施大街47号,公共停车场,诸暨市建设集团,28,收费,08:00-20:00,30分钟内免费，以1小时为一个计时单位；每个计时单位4元。每自然日单次最高收费40元。,启用,120.241756,29.717577
1012312288YR7K67XR8CH,望江一路（浣东北路-江东路）,诸暨市,浙江省绍兴市诸暨市望江一路3-10号,公共停车场,诸暨市建设集团,14,收费,08:00-20:00,30分钟内免费，以1小时为一个计时单位；每个计时单位4元。每自然日单次最高收费40元。,启用,120.248927,29.717224
1012312288YR7N8PO2AYP,东一路68弄（东二路-东一路）,诸暨市,浙江省绍兴市诸暨市东一路68弄,公共停车场,诸暨市建设集团,46,收费,08:00-20:00,30分钟内免费，以1小时为一个计时单位；每个计时单位4元。每自然日单次最高收费40元。,启用,120.267089,29.713040
1012312288YR7V8S6IBCX,东一路88弄（东一路82弄-东一路）,诸暨市,浙江省绍兴市诸暨市东一路88弄,公共停车场,诸暨市建设集团,27,收费,08:00-20:00,30分钟内免费，以1小时为一个计时单位；每个计时单位4元。每自然日单次最高收费40元。,启用,120.275100,29.712746
1012312288YR7YF7Z1HXD,高湖路（望江二路-望江一路）,诸暨市,浙江省绍兴市诸暨市高湖路3-12号,公共停车场,诸暨市建设集团,18,收费,08:00-20:00,30分钟内免费，以1小时为一个计时单位；每个计时单位4元。每自然日单次最高收费40元。,启用,120.249960,29.717672
1012312288YR825E2P88X,苎萝东路（东二环路-东福路),诸暨市,浙江省绍兴市诸暨市苎萝东路777,公共停车场,诸暨市建设集团,115,收费,08:00-20:00,30分钟内免费，以1小时为一个计时单位；每个计时单位4元。每自然日单次最高收费40元。,启用,120.279418,29.706051
1012312288YR85VK6CYKH,和济路（东祥路-东旺路）,诸暨市,浙江省绍兴市诸暨市和济路,公共停车场,诸暨市建设集团,90,收费,08:00-20:00,30分钟内免费，以1小时为一个计时单位；每个计时单位4元。每自然日单次最高收费40元。,启用,120.270474,29.716868
1012312288YR89HS7SKXT,东旺路（东旺路150弄-东二路）,诸暨市,浙江省绍兴市诸暨市东旺路,公共停车场,诸暨市建设集团,18,收费,08:00-20:00,30分钟内免费，以1小时为一个计时单位；每个计时单位4元。每自然日单次最高收费40元。,启用,120.272598,29.709550
1012312288YR8GIC67LS1,东旺路218弄(东旺路206弄-融媒体中心）,诸暨市,浙江省绍兴市诸暨市,公共停车场,诸暨市建设集团,22,收费,08:00-20:00,30分钟内免费，以1小时为一个计时单位；每个计时单位4元。每自然日单次最高收费40元。,启用,120.274853,29.716386
1012312288YR8IX5J60OX,东旺路218弄（东旺路-融媒体中心）,诸暨市,浙江省绍兴市诸暨市暨东路70弄,公共停车场,诸暨市建设集团,29,收费,08:00-20:00,30分钟内免费，以1小时为一个计时单位；每个计时单位4元。每自然日单次最高收费40元。,启用,120.273720,29.717379
1012312288YR8VUSTQYV5,东旺路182弄(康华大厦-东旺路),诸暨市,浙江省绍兴市诸暨市,公共停车场,诸暨市建设集团,19,收费,08:00-20:00,30分钟内免费，以1小时为一个计时单位；每个计时单位4元。每自然日单次最高收费40元。,启用,120.274064,29.711804
1012312288YR8ZSV1UX35,东旺路150弄（东二环路-东旺路）,诸暨市,浙江省绍兴市诸暨市,公共停车场,诸暨市建设集团,88,收费,08:00-20:00,30分钟内免费，以1小时为一个计时单位；每个计时单位4元。每自然日单次最高收费40元。,启用,120.274198,29.708511
1012312288YR9376YUBK1,东旺路（东旺路150弄-苎萝东路）,诸暨市,浙江省绍兴市诸暨市东旺路,公共停车场,诸暨市建设集团,18,收费,08:00-20:00,30分钟内免费，以1小时为一个计时单位；每个计时单位4元。每自然日单次最高收费40元。,启用,120.272398,29.707705
1012312288YR9ABOZHGCH,东二路（东旺路-东二环路）,诸暨市,浙江省绍兴市诸暨市东二路,公共停车场,诸暨市建设集团,47,收费,08:00-20:00,30分钟内免费，以1小时为一个计时单位；每个计时单位4元。每自然日单次最高收费40元。,启用,120.274672,29.710882
1012312288YR9D2CJ4741,东二路（东祥路-环城东路）,诸暨市,浙江省绍兴市诸暨市东二路,公共停车场,诸暨市建设集团,25,收费,08:00-20:00,30分钟内免费，以1小时为一个计时单位；每个计时单位4元。每自然日单次最高收费40元。,启用,120.267118,29.711037
1012312288YR9HG704L4X,苎萝东路（东福路-东三环路）,诸暨市,浙江省绍兴市诸暨市苎萝东路,公共停车场,诸暨市建设集团,107,收费,08:00-20:00,30分钟内免费，以1小时为一个计时单位；每个计时单位4元。每自然日单次最高收费40元。,启用,120.284540,29.705930
1012312288YR9LAB60FEP,苎萝东路（东兴路-东安路）,诸暨市,浙江省绍兴市诸暨市苎萝东路177号,公共停车场,诸暨市建设集团,45,收费,08:00-20:00,30分钟内免费，以1小时为一个计时单位；每个计时单位4元。每自然日单次最高收费40元。,启用,120.260368,29.707052
1012312288YR9PO5N0TFL,苎萝东路（环城东路-东旺路）,诸暨市,浙江省绍兴市诸暨市苎萝东路,公共停车场,诸暨市建设集团,54,收费,08:00-20:00,30分钟内免费，以1小时为一个计时单位；每个计时单位4元。每自然日单次最高收费40元。,启用,120.270498,29.706503
1012312288YR9VX35V2M9,苎萝东路（环城东路-东祥路）,诸暨市,浙江省绍兴市诸暨市苎萝东路138号,公共停车场,诸暨市建设集团,17,收费,08:00-20:00,30分钟内免费，以1小时为一个计时单位；每个计时单位4元。每自然日单次最高收费40元。,启用,120.267391,29.706670
1012312288YRADOD6CUM9,南兴路（南庠路-人民南路）,诸暨市,浙江省绍兴市诸暨市南兴路40号,公共停车场,诸暨市建设集团,25,收费,08:00-18:00,以1小时为一个计时单位；每个计时单位2元。每自然日单次最高收费20元。,启用,120.240095,29.711260
1012312288YRAJXAP73SX,滨江中路（望江二路-大桥东路）,诸暨市,浙江省绍兴市诸暨市滨江中路8号,公共停车场,诸暨市建设集团,45,收费,08:00-19:00,以1小时为一个计时单位；第一个计时单位2元，第二个计时单位起每个计时单位3元。每自然日单次最高收费25元。,启用,120.247998,29.719593
1012312288YRAV3T06ARL,滨江中路（望江三路-望江二路）,诸暨市,浙江省绍兴市诸暨市滨江中路27号,公共停车场,诸暨市建设集团,30,收费,08:00-19:00,以1小时为一个计时单位；第一个计时单位2元，第二个计时单位起每个计时单位3元。每自然日单次最高收费25元。,启用,120.250439,29.720675
1012312288YRAXUGJT1J5,浣纱北路（大桥路-艮塔路）,诸暨市,浙江省绍兴市诸暨市浣纱北路32-2号,公共停车场,诸暨市建设集团,59,收费,08:00-19:00,以1小时为一个计时单位；第一个计时单位2元，第二个计时单位起每个计时单位3元。每自然日单次最高收费25元。,启用,120.249891,29.722007
1012312288YRB24CYLBLT,浣纱南路（苎萝路-南兴路）,诸暨市,浙江省绍兴市诸暨市浣纱南路84号,公共停车场,诸暨市建设集团,19,收费,08:00-19:00,以1小时为一个计时单位；第一个计时单位2元，第二个计时单位起每个计时单位3元。每自然日单次最高收费25元。,启用,120.242651,29.710241
1012312288YRB62F6P9TT,浣纱南路（南兴路-南屏路）,诸暨市,浙江省绍兴市诸暨市浣纱南路34号,公共停车场,诸暨市建设集团,60,收费,08:00-19:00,以1小时为一个计时单位；第一个计时单位2元，第二个计时单位起每个计时单位3元。每自然日单次最高收费25元。,启用,120.242751,29.713496
1012312288YRBA0HET81T,江东路（大桥东路-望江一路）,诸暨市,浙江省绍兴市诸暨市江东路20-11,公共停车场,诸暨市建设集团,10,收费,08:00-19:00,以1小时为一个计时单位；第一个计时单位2元，第二个计时单位起每个计时单位3元。每自然日单次最高收费25元。,启用,120.247870,29.717385
1012312288YRBEU44Q1VL,滨江中路（艮塔东路-望江三路）,诸暨市,浙江省绍兴市诸暨市滨江中路34-2号,公共停车场,诸暨市建设集团,25,收费,08:00-19:00,以1小时为一个计时单位；第一个计时单位2元，第二个计时单位起每个计时单位3元。每自然日单次最高收费25元。,启用,120.251896,29.722032
1012312288YRBI4HZHCE9,江东路（西施大街-大桥东路）,诸暨市,浙江省绍兴市诸暨市江东路3号,公共停车场,诸暨市建设集团,6,收费,08:00-19:00,以1小时为一个计时单位；第一个计时单位2元，第二个计时单位起每个计时单位3元。每自然日单次最高收费25元。,启用,120.246825,29.716709
1012312288YRBLMRYOUTD,江东路（望江一路-望江二路）,诸暨市,浙江省绍兴市诸暨市江东路17号,公共停车场,诸暨市建设集团,18,收费,08:00-19:00,以1小时为一个计时单位；第一个计时单位2元，第二个计时单位起每个计时单位3元。每自然日单次最高收费25元。,启用,120.249465,29.718419
1012312288YRBP13VO9A9,江东路（望江二路-望江三路）,诸暨市,浙江省绍兴市诸暨市江东路54号,公共停车场,诸暨市建设集团,13,收费,08:00-19:00,以1小时为一个计时单位；第一个计时单位2元，第二个计时单位起每个计时单位3元。每自然日单次最高收费25元。,启用,120.251385,29.719539
1012312288YRBS7JO7FUP,望江二路（高湖路-江东路）,诸暨市,浙江省绍兴市诸暨市望江二路31-～33号,公共停车场,诸暨市建设集团,10,收费,08:00-19:00,以1小时为一个计时单位；第一个计时单位2元，第二个计时单位起每个计时单位3元。每自然日单次最高收费25元。,启用,120.250634,29.718413
1012312288YRBWX8BW5Q9,望江二路（浣东北路-高湖路）,诸暨市,浙江省绍兴市诸暨市望江二路2号,公共停车场,诸暨市建设集团,5,收费,08:00-19:00,以1小时为一个计时单位；第一个计时单位2元，第二个计时单位起每个计时单位3元。每自然日单次最高收费25元。,启用,120.251284,29.717411
1012312288YRBZRTXR0G1,望江三路（高湖路-江东路）,诸暨市,浙江省绍兴市诸暨市江东路72弄-12号,公共停车场,诸暨市建设集团,15,收费,08:00-19:00,以1小时为一个计时单位；第一个计时单位2元，第二个计时单位起每个计时单位3元。每自然日单次最高收费25元。,启用,120.252703,29.719325
1012312288YRC2EJF5N9D,望江三路（浣东北路-高湖路）,诸暨市,浙江省绍兴市诸暨市望江三路58-2号,公共停车场,诸暨市建设集团,11,收费,08:00-19:00,以1小时为一个计时单位；第一个计时单位2元，第二个计时单位起每个计时单位3元。每自然日单次最高收费25元。,启用,120.253266,29.717832
1012312288YRC518WKA2P,望江三路（江东路-滨江中路）,诸暨市,浙江省绍兴市诸暨市望江三路22,公共停车场,诸暨市建设集团,5,收费,08:00-19:00,以1小时为一个计时单位；第一个计时单位2元，第二个计时单位起每个计时单位3元。每自然日单次最高收费25元。,启用,120.251615,29.720798
1012312298YXGS3Y2CBNL,东旺路188弄（东旺路-东二环路）,诸暨市,浙江省绍兴市诸暨市东旺路,公共停车场,诸暨市建设集团,10,收费,08:00-20:00,30分钟内免费，以1小时为一个计时单位；每个计时单位4元。每自然日单次最高收费40元。,启用,120.273833,29.713469
1012312298YXHTPH9LYPT,东二路123弄（东旺路188弄-东二路）,诸暨市,浙江省绍兴市诸暨市,公共停车场,诸暨市建设集团,61,收费,08:00-20:00,30分钟内免费，以1小时为一个计时单位；每个计时单位4元。每自然日单次最高收费40元。,启用,120.273968,29.712259
1012312298YXIJSNZ82YP,东二路129弄（东一路88弄-东二路123弄）,诸暨市,浙江省绍兴市诸暨市东一路88弄,公共停车场,诸暨市建设集团,10,收费,08:00-20:00,30分钟内免费，以1小时为一个计时单位；每个计时单位4元。每自然日单次最高收费40元。,启用,120.274777,29.712567
1012312298YXIV34CFDVL,东一路82弄（东二路123弄-东二路）,诸暨市,浙江省绍兴市诸暨市东一路88弄,公共停车场,诸暨市建设集团,6,收费,08:00-20:00,30分钟内免费，以1小时为一个计时单位；每个计时单位4元。每自然日单次最高收费40元。,启用,120.274816,29.712920
1012401199375YC6OSJ5T,东三路（东二环路-东旺路）,诸暨市,浙江省绍兴市诸暨市东三路,公共停车场,诸暨市建设集团,121,收费,08:00-20:00,30分钟内免费，以1小时为一个计时单位；每个计时单位4元。每自然日单次最高收费40元。,启用,120.274783,29.702251
10124012093FZKG7Y8M4H,永昌南路（东一路-东二路）,诸暨市,浙江省绍兴市诸暨市东昌路22号,公共停车场,诸暨市建设集团,63,收费,08:00-20:00,30分钟内免费，以1小时为一个计时单位；每个计时单位4元。每自然日单次最高收费40元。,启用,120.262224,29.713960
10124013095GY8GDKUBY9,艮塔东路（高湖路-暨东路）,诸暨市,浙江省绍兴市诸暨市艮塔东路41号,公共停车场,诸暨市建设集团,16,收费,08:00-20:00,30分钟内免费，以1小时为一个计时单位；每个计时单位4元。每自然日单次最高收费40元。,启用,120.255872,29.718754
10124013095H4QPBO8UF5,东兴路50弄,诸暨市,浙江省绍兴市诸暨市东兴路50号,公共停车场,诸暨市建设集团,7,收费,08:00-20:00,30分钟内免费，以1小时为一个计时单位；每个计时单位4元。每自然日单次最高收费40元。,启用,120.260550,29.709353
10124013095HHCMD4CC1T,艮塔东路（交通银行）,诸暨市,浙江省绍兴市诸暨市艮塔东路3号,公共停车场,诸暨市建设集团,35,收费,08:00-20:00,30分钟内免费，以1小时为一个计时单位；每个计时单位4元。每自然日单次最高收费40元。,启用,120.253059,29.723073
1012405049OQ8ZNVP3U2P,苎萝东路（东二环路-东旺路）1,诸暨市,浙江省绍兴市诸暨市苎萝东路辅路,公共停车场,诸暨市建设集团,29,收费,08:00-20:00,30分钟内免费，以1小时为一个计时单位；每个计时单位4元。每自然日单次最高收费40元。,启用,120.274921,29.706430
1012405079PB3TJY248W1,东三路（应山公园-东旺路）,诸暨市,浙江省绍兴市诸暨市东三路,公共停车场,诸暨市建设集团,44,收费,08:00-20:00,30分钟内免费，以1小时为一个计时单位；每个计时单位4元。每自然日单次最高收费40元。,启用,120.270910,29.702222
10194EPFKJK9HC1,诸暨客运中心,诸暨市,浙江省绍兴市诸暨市暨东路38号,自营停车场,诸暨市建设集团,40,收费,全天开放,,启用,120.264599,29.717749
1019B4Y82CZPJ41,诸暨浣东中路停车场,诸暨市,浙江省绍兴市诸暨市浣东中路2-7号,自营停车场,诸暨市建设集团,37,收费,全天开放,,启用,120.247447,29.714966
1019BR66PPAFMYP,法院南面停车场,诸暨市,浙江省绍兴市诸暨市和济路,自营停车场,诸暨市建设集团,76,收费,全天开放,,启用,120.271192,29.716850
1019C4RHPY07LDT,农贸市场停车场,诸暨市,浙江省绍兴市诸暨市江东路165号,自营停车场,诸暨市建设集团,22,收费,全天开放,,启用,120.257174,29.723435
1019CS2W3YDW3R5,浣东北路停车场,诸暨市,浙江省绍兴市诸暨市浣东北路71号,自营停车场,诸暨市建设集团,18,收费,全天开放,,启用,120.252439,29.717212
1019CZRAOO40UTD,法院南小停车场,诸暨市,浙江省绍兴市诸暨市东旺路,自营停车场,诸暨市建设集团,36,收费,全天开放,,启用,120.272678,29.716417
1019DCXVX4LTDS1,城市馆地下停车场,诸暨市,浙江省绍兴市诸暨市,自营停车场,诸暨市建设集团,246,收费,全天开放,,启用,120.271535,29.709560
1019DY4KBPHCSG1,城郊居停车场,诸暨市,浙江省绍兴市诸暨市浣东北路102号-3,自营停车场,诸暨市建设集团,33,收费,全天开放,,启用,120.255657,29.716958
1019JVX01UVMSCH,幸福家园停车场,诸暨市,浙江省绍兴市诸暨市幸福路,自营停车场,诸暨市建设集团,72,收费,全天开放,,启用,120.279528,29.712761
1019MAR69WRHHXD,西子公寓停车场,诸暨市,浙江省绍兴市诸暨市新曙路,自营停车场,诸暨市建设集团,91,收费,全天开放,,启用,120.284285,29.696585
1019N4FJ7J6DUYP,篮球场停车场,诸暨市,浙江省绍兴市诸暨市东一路,自营停车场,诸暨市建设集团,182,收费,全天开放,,启用,120.271059,29.714153
1019NJ925VNVEV5,B3西面停车场,诸暨市,浙江省绍兴市诸暨市东一路88弄,自营停车场,诸暨市建设集团,36,收费,全天开放,,启用,120.274339,29.712871
1019NQXA5T5QN0H,高湖路停车场,诸暨市,浙江省绍兴市诸暨市高湖东路,自营停车场,诸暨市建设集团,122,收费,全天开放,,启用,120.285173,29.722741
1019OB9A6TQBIF5,B3东面停车场,诸暨市,浙江省绍兴市诸暨市东一路88弄,自营停车场,诸暨市建设集团,17,收费,全天开放,,启用,120.275409,29.712787
1019OKCEEUFL14X,B3地下停车场,诸暨市,浙江省绍兴市诸暨市东一路88弄,自营停车场,诸暨市建设集团,171,收费,全天开放,,启用,120.274514,29.712851
1019OL9Y9LJU8ZL,办证中心停车场,诸暨市,浙江省绍兴市诸暨市和济路,自营停车场,诸暨市建设集团,240,收费,全天开放,,启用,120.270561,29.717024
1019OZ5N67MRGU9,富润大厦停车场,诸暨市,浙江省绍兴市诸暨市东一路68弄,自营停车场,诸暨市建设集团,115,收费,全天开放,,启用,120.267235,29.712572
1019P64JXOTBCAP,市民公园西南停车场,诸暨市,浙江省绍兴市诸暨市东祥路,自营停车场,诸暨市建设集团,33,收费,全天开放,,启用,120.268354,29.711612
1019PDAS7RIP7GH,市民公园东北面停车场,诸暨市,浙江省绍兴市诸暨市东旺路188弄,自营停车场,诸暨市建设集团,27,收费,全天开放,,启用,120.272841,29.712917
1019PDPET4GWE81,市民公园北面停车场,诸暨市,浙江省绍兴市诸暨市东一路,自营停车场,诸暨市建设集团,14,收费,全天开放,,启用,120.268968,29.714046
1019PPRJOVPQXA9,市民公园西北面停车场,诸暨市,浙江省绍兴市诸暨市东祥路,自营停车场,诸暨市建设集团,14,收费,全天开放,,启用,120.268227,29.713268
1019PRTQD59LIWX,永乐路停车场,诸暨市,浙江省绍兴市诸暨市永乐路,自营停车场,诸暨市建设集团,91,收费,全天开放,,启用,120.274040,29.723643
1019Q6UK2GUCAV5,市民公园地下停车场,诸暨市,浙江省绍兴市诸暨市东二路,自营停车场,诸暨市建设集团,227,收费,全天开放,,启用,120.269551,29.710645
1019QKKS3RWOFEP,人防大厦停车场,诸暨市,浙江省绍兴市诸暨市东一路68弄,自营停车场,诸暨市建设集团,48,收费,全天开放,,启用,120.266694,29.714076
1019QQI47MBE48X,市民公园东南面停车场,诸暨市,浙江省绍兴市诸暨市东旺路,自营停车场,诸暨市建设集团,25,收费,全天开放,,启用,120.272864,29.712327
1019QSOJ54NFBPD,市民公园南面停车场,诸暨市,浙江省绍兴市诸暨市东二路,自营停车场,诸暨市建设集团,12,收费,全天开放,,启用,120.268940,29.710782
1019REU2R6D37Y9,城东公园地下停车场,诸暨市,浙江省绍兴市诸暨市,自营停车场,诸暨市建设集团,601,收费,全天开放,,启用,120.280416,29.696288
1019S5R3X1SOHS1,一百淘宝城停车场,诸暨市,浙江省绍兴市诸暨市江东路157号,自营停车场,诸暨市建设集团,105,收费,全天开放,,启用,120.256461,29.723482
1019SEVYY7X0W75,十里牌停车场,诸暨市,浙江省绍兴市诸暨市S308辅路,自营停车场,诸暨市建设集团,69,收费,全天开放,,启用,120.278805,29.719652
101A71EYEGIL5A9,郑家小游园停车场,诸暨市,浙江省绍兴市诸暨市艮塔东路182号,自营停车场,诸暨市建设集团,33,收费,全天开放,,启用,120.257345,29.707595
